video_id,comment_id,comment_content,author,published_at,like_count,reply_count
riUVmxHewGE,UgzOxuezdJsQxDMt-Ll4AaABAg,"Now would be the worst time to fire the manager, imo. There’s a developing style of play and a chemistry between the players. That’s down to Amorim’s planning, recruitment and team selection. If he planned this much from last year, then it’s a vision in process. It should be allowed to develop.",@johnkelly3549,2025-12-28T22:34:10Z,0,0
riUVmxHewGE,UgxaJjyiubQRg5WOEkl4AaABAg,Lol the commentators at the end of the match looks like Manchester united won a trophy,@MoeSlayer93,2025-12-28T22:06:23Z,0,0
riUVmxHewGE,UgydacZBJVSy4RIpqtB4AaABAg,See they comunicate each other on dorgus celebration to change strategy,@alv23-h3y,2025-12-28T21:47:20Z,0,0
riUVmxHewGE,UgwI_s3Is-Pw1p1i7lt4AaABAg,Almost the same as amad's goal,@nwanerifrancisca7460,2025-12-28T21:17:45Z,0,0
riUVmxHewGE,UgxA-W6YHSdMkyV8Ged4AaABAg,Dorgu 🤯,@brewermusic3318,2025-12-28T20:45:04Z,0,0
riUVmxHewGE,UgyLOyJEfN-QDlqQUAt4AaABAg,The team needs Cunha to try more inventive passes and not always look to shoot.,@dingz691,2025-12-28T20:32:43Z,0,0
riUVmxHewGE,UgzfFgw3Qbs__cs1w154AaABAg,Zirkzee needs to be changed.,@lowcostgamer9681,2025-12-28T20:02:04Z,0,0
riUVmxHewGE,UgzMOlKFAngSFO7Klst4AaABAg,We deserve winning GGMU,@Kijavaa_jr,2025-12-28T19:51:50Z,0,0
riUVmxHewGE,UgzeQK9f_l6VKIDU3Up4AaABAg,Kemenangan ini berawal dari lemparan Dalot ❤🎉🔥,@pomas_official,2025-12-28T19:26:48Z,1,0
riUVmxHewGE,Ugw76_ALZWlk7-uuyYx4AaABAg,"PLEASE HEAR ME!!! Because of BF#8 Non of forward could open their potential because forward needs for passing him for open territory and this is 1st goal of playmaker. 
MY VERDICT: MU HAVE TO SELL BF#8 to buy someone as Daniel Olmo or Yuori Tielemans",@Khoma.Djidai,2025-12-28T19:00:57Z,0,0
riUVmxHewGE,UgzDmT8i8Yi4QRUsFpx4AaABAg,"PLEASE HEAR ME!!! More over, when Licha stands on BF position all team starts to run forward because Licha moved ball on front line and all begun running forward. After that substitution team started playing without clear forward Šeško!!!",@Khoma.Djidai,2025-12-28T18:52:49Z,0,0
riUVmxHewGE,Ugw3rsibZ4xUVoTjtJJ4AaABAg,Cunha paaass,@hewardthegreat,2025-12-28T18:47:27Z,0,0
riUVmxHewGE,Ugw20D0WhZLX3V9dZP94AaABAg,"PLEASE HEAR ME!!! This team playing much better without BF#8. Whole middle is blocking cause of BF. Because he pulling all process on himself, while his 1st professional goal is to make area for forwards. Because of him whole team playing without forwards and cause BF#8 actions forwards had to get to midline to support BF area when playing on forwards place!!!",@Khoma.Djidai,2025-12-28T18:46:19Z,0,0
riUVmxHewGE,UgyDdeRlwIwbtPgGQUd4AaABAg,Patrick dorgu score that beautiful volley was Gods Plan 🙌,@benitoMorrie-s1d,2025-12-28T18:11:10Z,1,0
riUVmxHewGE,UgzG3Yw6NdoNEqFor754AaABAg,M.u tanpa bruno main nya sangat agresive dan cepat,@Dickmusik,2025-12-28T17:34:22Z,0,0
riUVmxHewGE,Ugy_0_XzfBx7rl8MoqZ4AaABAg,🔥🔥🔥⚡Strikeee shottttt DORGU😙😙😙❤❤❤😎😎🔥🔥🔥,@spildikkefiqray,2025-12-28T17:30:15Z,0,0
riUVmxHewGE,UgxckvHpXdUi2m6x2oR4AaABAg,"komentatornya seru bgt sih, bikin semangat nonton 😁",@yahyasudarmanto4863,2025-12-28T17:27:08Z,0,0
riUVmxHewGE,UgzIcHZxZYyFe0xz8cR4AaABAg,"Sesko you coming just fine , next time slot it in the net not the crossbar 😂",@rulanelenzo9000,2025-12-28T17:17:44Z,0,0
riUVmxHewGE,UgwA-QlhiZSZrNTzItp4AaABAg,"To be sincere , we attack better with a back 3 , but defend better with a 4 defenders",@SimonArin,2025-12-28T16:40:53Z,1,0
riUVmxHewGE,Ugwc7dxmYSyyr5CjtON4AaABAg,😮‍💨😮‍💨❤❤❤🔥🔥🔥,@MamadouWague-rq6si,2025-12-28T16:39:16Z,0,0
riUVmxHewGE,UgwxSB3w0cwzHZUHAtZ4AaABAg,Cunha.. is very greedy..,@dr3l0qu3,2025-12-28T16:30:33Z,0,0
riUVmxHewGE,UgzPnKTlMbA8vfECZzd4AaABAg,"GLORY GLORY MANCHESTER UNITED ❤
🇩🇰13🙌🤝🫶",@OgSK16200,2025-12-28T16:18:06Z,1,0
riUVmxHewGE,UgwaoAbcaLOJ339aMi54AaABAg,we have some improvement MANUTD,@leonMALEKO-g1k,2025-12-28T16:13:44Z,0,0
riUVmxHewGE,UgxYGRijYimwQJYuQap4AaABAg,Dalot actually thinks hes the captain 😂worst player in the squad,@garyhill294,2025-12-28T16:03:25Z,0,0
riUVmxHewGE,Ugzsf78gv0DBxuX6VTF4AaABAg,ruben amorin buy marc ters tegen please,@Fatanfathanreynandasyahrian,2025-12-28T15:46:01Z,0,0
riUVmxHewGE,Ugy-3XB2lDljtaFE-Tp4AaABAg,Mutapeleka sesko na Cunha wapi mm kama fan wa Manchester United let's find out si butcher Ako hapo na sesko atterorize,@carlosmusau5996,2025-12-28T15:33:52Z,0,0
riUVmxHewGE,Ugy6-YZcHPsyDW3Sp5J4AaABAg,Great game Man United ❤🎉,@angelatanurdzic7508,2025-12-28T15:28:24Z,0,0
riUVmxHewGE,UgyPF8DmEm_kiX8Y-al4AaABAg,😂😂😂😂 sesko sesko sesko 🎉🎉🎉top shotta top shotta,@carlosmusau5996,2025-12-28T15:27:38Z,0,0
riUVmxHewGE,Ugx2BIwKJ-7QMZ7VDgV4AaABAg,Defense still Bingung,@rachmatkusuma7638,2025-12-28T15:25:05Z,0,0
riUVmxHewGE,UgyRpZBtY-QPe05I4sN4AaABAg,so all man u fans are delusional,@userbibbi,2025-12-28T15:22:19Z,0,1
riUVmxHewGE,Ugxkn_tJ1Fd3RQyQSXp4AaABAg,"Ugarte and Casemiro are midfield hunting dogs, we're slowly making a comeback!! Greetings from Uruguay!",@rockdriguez19,2025-12-28T15:13:10Z,0,0
riUVmxHewGE,UgywkAltZvpSMzt9x9x4AaABAg,for those all who think that sesko is overrated guys are not a match of his left foot,@ShadowGamerzxr,2025-12-28T15:12:40Z,0,0
riUVmxHewGE,UgyCsWsC5nsmI-jYy2x4AaABAg,"Wins,🎉",@willyernando21,2025-12-28T15:11:30Z,0,0
riUVmxHewGE,UgxPuX6DQL-fUePemHB4AaABAg,Sesko is back!,@ShadowGamerzxr,2025-12-28T15:10:51Z,1,0
riUVmxHewGE,UgyVUF7cco5yOcR94H14AaABAg,I miss Bruno Fernandes already 😢,@agb.o.b612,2025-12-28T15:02:21Z,0,0
riUVmxHewGE,Ugzr3JOgFEUSoU0rFP14AaABAg,I miss Bruno Fernandes already 😢,@agb.o.b612,2025-12-28T15:02:11Z,0,0
riUVmxHewGE,UgxhsWpU1kt_FvLMveN4AaABAg,I have something to say about Hall though 🤔,@JP-vh8bt,2025-12-28T14:59:17Z,0,0
riUVmxHewGE,Ugw7uF0bBUqkO_xIlZV4AaABAg,I was moved by the joy of Dougie's goal and the sight of everyone gathering in a circle afterward.,@terra9821,2025-12-28T14:42:42Z,0,0
riUVmxHewGE,UgywCQxLrMIyFtSDxu14AaABAg,Glory Glory Manchester United,@thangtea1860,2025-12-28T14:28:12Z,0,0
riUVmxHewGE,Ugxp4s2fHnzqBII2StJ4AaABAg,elliot anderson please united,@cabdiraxmaandaahir-hj3gw,2025-12-28T14:14:03Z,0,0
riUVmxHewGE,Ugy8X0L8Dj4GqEPbKLl4AaABAg,This was my cleaness.,@Yefizen,2025-12-28T14:12:42Z,0,0
riUVmxHewGE,Ugz96-1VfcaOhAJtKvB4AaABAg,🛑⚽💪,@AgyeiAcheamfour,2025-12-28T14:06:28Z,0,0
riUVmxHewGE,UgzM-nvbPiTFX636MYt4AaABAg,Rrct,@adeyemidavid7783,2025-12-28T14:04:07Z,0,0
riUVmxHewGE,Ugy5dGklL72eE_edM_J4AaABAg,Sesko like macheda,@DwiMuliaAnugrah,2025-12-28T13:55:09Z,0,0
riUVmxHewGE,Ugyfvv1u4ADR7ARJaXl4AaABAg,Sesko needs to improve on his first touch inside the box,@ericksaisi7,2025-12-28T13:50:33Z,0,0
riUVmxHewGE,UgyarKinPzqZTue-Rn54AaABAg,I don't understand Cunha's selfishness. Why so eager to want to be the one to score. ON THREE OCCASIONS HE SHOULD PASS,@KofskiGhMusic,2025-12-28T13:49:57Z,0,0
riUVmxHewGE,UgyEUo-KoY-lG63Eh0l4AaABAg,Semangat Sesko 👍🏻,@SEMOGASUKSESYT,2025-12-28T13:48:44Z,0,0
riUVmxHewGE,UgyxOUrtcuoEGKNVmsN4AaABAg,Dorgu showed he can play very well  in right wing back .I hope Amorim not to change his position in next match.,@brave.hbrave.h6398,2025-12-28T13:39:54Z,1,0
riUVmxHewGE,UgzwFZO7ea_fd7MIXPR4AaABAg,Alhamdulillah WA syukurillah *King* MU udah tau caranya win 😭,@m.tauhid8843,2025-12-28T13:38:32Z,1,0
riUVmxHewGE,UgxcHVu8nCnA6bSIumN4AaABAg,Man utd is still having some attacking issue. They shoot when goal on sight most of the time instead of going deep and cross into the middle,@snorlaxDjoker,2025-12-28T13:36:54Z,1,0
riUVmxHewGE,UgwXPW3bPj25oNKPAIh4AaABAg,ซาวเดอร์ก้เล่นดีน่ะครับทีมเบร์นฟอด,@BasPat-nt2sf,2025-12-28T13:32:23Z,0,0
riUVmxHewGE,UgypfUI47S9aGZrohch4AaABAg,Why Cunha doesn't want to PASS THE BALL. Please.,@rodrigolozada64,2025-12-28T13:15:57Z,1,1
riUVmxHewGE,Ugztu62ecEpfBP04eHh4AaABAg,"We hit the jackpot on Lammens bro. Saving point blanks. 
I’m astounded by how much confidence he has shown and he hasn’t made any mistakes",@bryan1377,2025-12-28T13:06:27Z,1,0
riUVmxHewGE,UgzDYW_WuE86RP7rUt14AaABAg,Parktrick dorgu,@twn9483,2025-12-28T12:58:26Z,0,0
riUVmxHewGE,Ugx695LIAUdFYU9qVsJ4AaABAg,Sesko wested 2 straight goals,@WestkeyLtd,2025-12-28T12:53:38Z,0,0
riUVmxHewGE,Ugy91js0Fvx_iU3Wcpp4AaABAg,Dalot 😢😢😢😢,@Bstv8588,2025-12-28T12:49:07Z,0,0
riUVmxHewGE,UgxNFUBVM-YmBAX1ZZB4AaABAg,adebayor,@NeverSettle24,2025-12-28T12:38:40Z,0,0
riUVmxHewGE,UgydFhEj1gNbMtmMHSB4AaABAg,I swear Sesko is fvckin trash 😂😂😂,@ICTopedia,2025-12-28T12:36:46Z,0,0
riUVmxHewGE,Ugz7usJ_k7428uf8_Mx4AaABAg,I was shocked seeing dorgu scoring a screemer😂😂😂😂😂😂😂,@JamesMakadujeshi,2025-12-28T12:36:23Z,0,0
riUVmxHewGE,UgyOMDB2n3YGUqAH_GJ4AaABAg,At two cosequative game sesko he play very well...a game against  aston villa and newcaste even if he didnt score,@Zulfikari-t3m,2025-12-28T12:29:36Z,1,0
riUVmxHewGE,UgyPY3XboTUbpQViPA14AaABAg,Sesko❤,@DinisdacostaDinis,2025-12-28T12:26:52Z,1,0
riUVmxHewGE,UgyLv12_p9uRkEpDoet4AaABAg,gg,@YonElphire,2025-12-28T12:19:17Z,0,0
riUVmxHewGE,UgzOg7zl2cssAdNu4rN4AaABAg,Wonderful performance for the boy's on Boxing Day 🥊 🧠💪✨❤️,@HajaraKamara-nc6kp,2025-12-28T12:16:54Z,1,0
riUVmxHewGE,UgzihU8APZGdJ2q_4a54AaABAg,nubcunha,@mariopurnomo5115,2025-12-28T12:00:07Z,0,0
riUVmxHewGE,Ugyy78zNOalu9HC3HXZ4AaABAg,Heaven.. player fr heaven,@FAISALWONG01,2025-12-28T11:56:11Z,0,0
riUVmxHewGE,UgyjAFVE2LxjAPVmm354AaABAg,Yes 3 tri poin man.united😊❤,@SaprolAjja,2025-12-28T11:54:54Z,0,0
riUVmxHewGE,UgwL4Y05Q5gzxXplVnB4AaABAg,Amorim Haramball 💀,@FajrulHuda-x9s,2025-12-28T11:50:51Z,0,0
riUVmxHewGE,UgwkASBhq5itwl9tSr54AaABAg,"Despite the injuries and Africa Cup for difficult and limited choice, I believe United played decently in their last two matches, and while they lost to Villa, the game was dominated and controlled by United, I see they are gradually improving.",@bonitawise,2025-12-28T11:36:36Z,501,3
riUVmxHewGE,UgzSccxfs0yyRVLpXVF4AaABAg,I like the spirit of the team now. We make errors in game but those errors are becoming less and less.  Happy with the progress 😊,@karimmoorad9649,2025-12-28T11:34:55Z,0,0
riUVmxHewGE,UgxQZtxiPoEN4KKjO7Z4AaABAg,I missed the match but this highlight makes it so interesting,@poetpaulgodigitall8211,2025-12-28T11:31:34Z,0,0
riUVmxHewGE,Ugx24rijqs77lYHrKdV4AaABAg,Cross more ball to SESKO. He can score more goal.,@pateafanai4622,2025-12-28T11:31:32Z,2,0
riUVmxHewGE,UgxLfoga2jBw6P28bLx4AaABAg,GGMU,@idariush16,2025-12-28T11:22:36Z,0,0
riUVmxHewGE,UgwV2RNz4kQXl_Mwg594AaABAg,"Confidence makes a better player, Sesko needs to have more confidence in himself. That shot that hits the crossbar was without convictions!",@abdullahisaheedgbeko4317,2025-12-28T11:17:54Z,0,0
riUVmxHewGE,UgyMhp8_TL_VQBPQb1F4AaABAg,Now we see the position dorgu should play,@Wahida-m8u,2025-12-28T11:08:53Z,0,0
riUVmxHewGE,UgzoAvJSpPU33Bn5KXl4AaABAg,"The way Dalot misses chances at attack, you’ll think he is so wonderful at defending, at the end of the day, he is just an Average player with Adrenaline",@Lord_Manito,2025-12-28T11:08:13Z,0,0
riUVmxHewGE,UgwPYbMb3mmD6mbByVR4AaABAg,Cunha rather take an unconvincing shot than make a simple pass…. Somebody should speak to him he must not dominate the highlights,@toemordi,2025-12-28T11:07:53Z,1,0
riUVmxHewGE,UgwIj_5fZWDMgPc-ZN54AaABAg,Genuinely asking… why is it called boxing day??,@WRD1764,2025-12-28T11:06:24Z,0,0
riUVmxHewGE,UgzWObPiAaViP4NX_cR4AaABAg,casemiro = win,@NoniShanum-k1r,2025-12-28T11:03:04Z,0,0
riUVmxHewGE,Ugy_kSt8dmqbIeskX6p4AaABAg,Haramball by amorim 😂❤,@Great_dfw,2025-12-28T11:01:07Z,0,0
riUVmxHewGE,UgzXvCjn3pYTeP0rAVN4AaABAg,Ugarte played so well,@muhammadnabilazmi4246,2025-12-28T10:58:09Z,1,0
riUVmxHewGE,Ugych7NEEUFX6Pi1b2V4AaABAg,I love ❣️ MU since 1995!,@timatiosclash0583,2025-12-28T10:56:48Z,1,0
riUVmxHewGE,UgzX4r4U7WBF7d1x-bB4AaABAg,Bruno out,@husainmehdi4097,2025-12-28T10:55:51Z,0,0
riUVmxHewGE,UgwUCD48Nld-0-bQypN4AaABAg,its the mid field for me,@TheUnsealedArchives,2025-12-28T10:52:39Z,0,0
riUVmxHewGE,Ugz3vCUp2seKPJYQmnl4AaABAg,Cunha out 👎,@MANTANMU1000,2025-12-28T10:41:25Z,1,0
riUVmxHewGE,UgxDaNhciZamkfeGH7t4AaABAg,much better with the 4 back system,@bluesky12644,2025-12-28T10:34:16Z,0,0
riUVmxHewGE,UgyqC2uSYF9hIcchAil4AaABAg,Cunha needs to be sharper for shots at goal. A lot of wasted opportunities! Players need to run alongside with him to support him. He is still not potent enough in front of goals!,@drpchankh,2025-12-28T10:20:34Z,0,0
riUVmxHewGE,Ugz_H2fE1mFXD4j5G194AaABAg,Patrick dorgu goal is absolutely goal of the season 🔥🔥🔥🔥🔥💯💯💯❤️❤️❤️,@ucheonek2449,2025-12-28T10:13:25Z,1,0
riUVmxHewGE,UgxgqF7dXFz2f8CP9Xp4AaABAg,King MU🎉,@yunandarbachtiar2468,2025-12-28T10:10:49Z,0,0
riUVmxHewGE,UgzzOiXJSJK6iOro2yV4AaABAg,🎉🎉🎉,@DuongPhuthi-y2k,2025-12-28T10:08:32Z,0,0
riUVmxHewGE,Ugz-E-AmdyILcnRp3fZ4AaABAg,Šeško🇸🇮,@elizabetakrapezdz7465,2025-12-28T10:06:47Z,0,3
riUVmxHewGE,UgwLn6K7wQh3ARyg9O94AaABAg,Cunha just forget to pass in dbox... 2 open goals wasted by cunha... But a great win by manutd... 🎉,@YuEm-rj5wy,2025-12-28T10:01:28Z,1,0
riUVmxHewGE,UgzuRwbrhUqElFxiGNx4AaABAg,Cunha neeeeds to look a bit more for his teammates... soooo wasteful...,@Lange2284,2025-12-28T09:58:53Z,0,0
riUVmxHewGE,Ugxm3XFOottvNnT1M7J4AaABAg,Casemiro is the only one who can do anything in this club.,@Bridget-v3y,2025-12-28T09:54:01Z,0,1
riUVmxHewGE,Ugxw7IaRjm2HYwppSIJ4AaABAg,Cunha should stop been too selfish,@njokuchimezie5140,2025-12-28T09:43:44Z,0,0
riUVmxHewGE,Ugwjqa8irSW_OnfrdFl4AaABAg,"Did you guys see that tiki taka?
Beautiful.",@shrayanpramanik8985,2025-12-28T09:39:18Z,0,0
riUVmxHewGE,UgwnOI3gYAlLGn82uQd4AaABAg,Ruben Amourinho,@zulfian2112,2025-12-28T09:34:42Z,0,0
riUVmxHewGE,UgzjDyxN1SjnzJ7S0Ih4AaABAg,Better more calm decision making and we bury these first half ❤,@spagomelette280,2025-12-28T09:31:05Z,0,0
riUVmxHewGE,UgyafLSCCVp-339_X394AaABAg,"Ramsdale should never stand straight when the ball is in the box, i mean its basic common sense if you're in a sort of JOckey position it would be much easier to move, poor keeping there from Ramsdale. Not taking away anything from Dorgu, Brilliant strike but it coulve been stopped.",@sloth5990,2025-12-28T09:29:16Z,0,0
riUVmxHewGE,UgwEtUfi-M1Fy2CoF1J4AaABAg,Man utd go back down to 18th where u belong,@ShmuelBezaleel,2025-12-28T09:28:29Z,0,0
riUVmxHewGE,Ugy_S0OhndjUeFM0JNx4AaABAg,Foul throw lead to goal no var. Feet have to be behind line.,@Susan-x7z,2025-12-28T09:26:07Z,0,1
riUVmxHewGE,UgxhB6JDpAYX9BK1v1V4AaABAg,Surely we missed 2goals,@niwagabaasaph7110,2025-12-28T09:21:11Z,0,0
riUVmxHewGE,UgxCjycV37Buedvzmjp4AaABAg,Does Dorgu goal count as another set piece goal for us?,@aayushagrawal8476,2025-12-28T09:20:47Z,0,0
riUVmxHewGE,UgyiX7iZm_1ZEJueXbZ4AaABAg,sesko don't know how to shoot. send him away,@itsmepeople1,2025-12-28T09:17:05Z,0,0
riUVmxHewGE,UgzGyDinggjgIZ8cDdx4AaABAg,"This is
 Roberto Diego Lamine  Arjen Leo   Dorgu!!!    
GOAT 👑🐐 😂",@pongtornnumprasert,2025-12-28T09:15:02Z,0,0
riUVmxHewGE,UgyFDLOLxKbjCcy0dpN4AaABAg,"Why new castle, the whole world was counting on you'll.",@bendleypieterson986,2025-12-28T09:05:42Z,0,0
riUVmxHewGE,UgyWGU3HYvsnxd5SQbR4AaABAg,what surprise in match is determinaion of everbody here espeialy DALOT in 1st goal celebration was instructing his mates,@hakizimanaplacide2570,2025-12-28T09:05:18Z,0,0
riUVmxHewGE,Ugxza0WURhO4jpvT0tp4AaABAg,Cunha's a bit selfish,@roluahzovaralte8334,2025-12-28T09:03:38Z,1,0
riUVmxHewGE,Ugzh6oKigPEqd7TVvLB4AaABAg,"My club!! 😁
GGMU ❤",@henrypeterkin1,2025-12-28T09:00:06Z,0,0
riUVmxHewGE,Ugxm0pQx5D7UvB0yrup4AaABAg,“Gareth” dorgu 💪🏽💪🏽😬,@senaindra2153,2025-12-28T08:59:58Z,1,0
riUVmxHewGE,UgxztrnlKpNBLJP_2st4AaABAg,That game should have ended 3-0,@benardmutisya6967,2025-12-28T08:53:34Z,0,0
riUVmxHewGE,UgweBDh305VvXvOyCf94AaABAg,Cumha should learn to play n pass to his teammates,@augustineochai2661,2025-12-28T08:51:22Z,0,0
riUVmxHewGE,Ugy2ecS4rcbWv6CbdYZ4AaABAg,"Ouédraogo, Mokio, Smit, Eichhorn...",@BobLoblaw-p6k,2025-12-28T08:50:20Z,0,0
riUVmxHewGE,UgzolBbUh0SeK8k_2JN4AaABAg,Seskoooooooooó ❤🎉,@basamarasekara3937,2025-12-28T08:42:13Z,0,0
riUVmxHewGE,UgxGmM6Itz5b9KlcXAd4AaABAg,Christmas x St. Patrick's Day at old trafford 🍀🎄,@siuuuu5234,2025-12-28T08:41:11Z,0,0
riUVmxHewGE,UgyqeuZNCM7DLCc2K5N4AaABAg,Sesko is doing well even without the goals his creative link up plays great. In the air or on the ground. The goals will come lad keep your head up,@LordWaffle,2025-12-28T08:35:54Z,80,0
riUVmxHewGE,UgyBcytjFiE9S7Igbl14AaABAg,Licha,@dontyou9465,2025-12-28T08:33:45Z,0,0
riUVmxHewGE,UgzcXg2hsp1iHMAn1F54AaABAg,"Look sesko is balling out I swear. He’s getting in the right positions, linking up plays I feel like the players should find him better. He links up plays and then he runs again for to receive the ball. But it’s never delivered back for him. I hate people clowning him that’s he’s not balling. You can testify with his work rate. In the first half he’s involved in at least 5 shoot on goal",@chinemelumokoye3343,2025-12-28T08:21:49Z,14,0
riUVmxHewGE,UgyNlzlpmo9ekqIAxNl4AaABAg,This is no highlight it is full match😅😅😅😅😅,@matiroyal1,2025-12-28T08:19:00Z,7,0
riUVmxHewGE,UgwqWwuXaa6ibMCl5Lh4AaABAg,berasa messi itu cunha bg,@nathanviandi,2025-12-28T08:18:58Z,0,0
riUVmxHewGE,UgzDBlSAGE7KaXw-80Z4AaABAg,Woltemade gone missing .....,@F4Bs3Y,2025-12-28T08:18:41Z,0,3
riUVmxHewGE,Ugwr9gSQw19fleWFmAx4AaABAg,Imaging we have 2 Cunha in this team,@hernandezowusuinnocent8153,2025-12-28T08:13:12Z,3,1
riUVmxHewGE,UgwHVAHcznOEhllZGAd4AaABAg,"Sesko is not clinical enough, example the pass from dorgu into the box he turned to shoot a ball that was already perfectly placed for a shot, must he shoot with his left foot???..",@denningmurithi1809,2025-12-28T08:11:42Z,0,0
riUVmxHewGE,UgxcNoqggaWNVUCDbIl4AaABAg,Man U we are very lucky,@SaleNdone,2025-12-28T08:08:16Z,1,0
riUVmxHewGE,UgwWfAwvVoTQzDULSrJ4AaABAg,🎉🎉🇰🇪 from kenya,@AfroDon-e5r,2025-12-28T08:01:34Z,0,0
riUVmxHewGE,Ugx9nYEq2zCM_oD6R8t4AaABAg,"I wonder what they were talking about in the huddle after the goal 

Whatever it was it worked- 1st clean sheet in a while",@waynereid9471,2025-12-28T07:58:55Z,0,0
riUVmxHewGE,Ugxr5YHDJUPVHU1F4Ah4AaABAg,Couldve been 3-1 W but hey 3pts is 3pts. We take it all day long. What a win this ❤,@OK.BoJaccBoJacc,2025-12-28T07:55:37Z,0,0
riUVmxHewGE,UgyOIHajim-8BJcXLZN4AaABAg,Sell Dalot,@gettingrichstayingwealthy5171,2025-12-28T07:52:05Z,0,0
riUVmxHewGE,Ugx1N6yr5bTDmb2c6I14AaABAg,"Cunha must not be selfish with the ball sometimes 
It's really costing 😢",@sturridgeSaineti,2025-12-28T07:46:17Z,0,0
riUVmxHewGE,UgxT1yUKYr4jL9kgS5d4AaABAg,selama ini dorgu salah posisi,@tegar6773,2025-12-28T07:46:15Z,0,0
riUVmxHewGE,UgzYC7caUxYvISWr6tx4AaABAg,Confidence makes a better player❤,@hemansusanghvi8799,2025-12-28T07:37:51Z,11,0
riUVmxHewGE,UgxXmiuAD5S4wutpdDN4AaABAg,Penalty kick not showed its not fair 😢,@UlahFadillah,2025-12-28T07:34:59Z,0,0
riUVmxHewGE,Ugw6WBG_1R9mvgmxZJV4AaABAg,"kalo keras kepalanya si A diilangin kek gini gaperlu kiper baru sebenernya

Dorgu + defense kali ini top markotop, semoga ga angin2nan 👍
cunha bagus, tapi kok mulai ada aura raspod garnaco, semoga tidak",@kerjosurasahkakehancocot,2025-12-28T07:34:03Z,0,1
riUVmxHewGE,Ugy8vPNemT1oNoqIQEJ4AaABAg,🇬🇧❤🚀🔥,@elijahgodwintz01,2025-12-28T07:28:09Z,0,0
riUVmxHewGE,UgxobJxONZqEosVekZ14AaABAg,GGMU🥳,@Viixcii_dc,2025-12-28T07:24:22Z,0,0
riUVmxHewGE,UgwIoeOS5cVjstDfxR54AaABAg,Cunha needs to watched his own highlights to be conscious of his selfish playing style. If he had passed in several instances this match would have ended 3 - 0,@os.j4744,2025-12-28T07:23:05Z,0,0
riUVmxHewGE,Ugzf4NUoHgzatZY1RNp4AaABAg,"Many Many Congratulations And Best of🎉🎈🎊⚽💖🥰🌹🥀,",@Nasir3502,2025-12-28T07:18:53Z,0,0
riUVmxHewGE,Ugw0vMX8GXLvejUksEp4AaABAg,Am I the only Manchester United fan that is seeing serious improvement in this team from last season,@ChristianNgwuta-x4y,2025-12-28T07:15:50Z,238,18
riUVmxHewGE,UgwGhtX9FF6kU9y0NAR4AaABAg,"Dorgu not bad
⚽⚽",@BanRap-r1n,2025-12-28T06:43:32Z,0,0
riUVmxHewGE,UgxMgXoEjhzQyYbEn1J4AaABAg,Lammens and Heaven also play very well,@luannguyenhothe2005,2025-12-28T06:39:59Z,38,2
riUVmxHewGE,UgygmQ98JnBiOUJK3294AaABAg,I know Sesko is not scoring but his work rate when he presses and his hold up play  is going to create chances for Cunha and Mount - the goals will start ooozing,@therealbeen,2025-12-28T06:34:31Z,86,0
riUVmxHewGE,UgykJ46mMLnU-O11UMJ4AaABAg,Who watched this on the Newcastle page yesterday 😂❤,@dingz691,2025-12-28T06:30:23Z,22,1
riUVmxHewGE,UgwRdXJCKo8FiWBPl-R4AaABAg,"This was a poor game, manager's subs were just baffling...these days utd games lack any excitement",@KishJay-d8b,2025-12-28T06:29:26Z,0,0
riUVmxHewGE,UgyxCfM96Vv3KTym7Zp4AaABAg,"Matheus cunha wants to play alone,he could have had 3 assists",@NelsonNyongesa-s9m,2025-12-28T06:16:59Z,0,0
riUVmxHewGE,UgwFhEDkWD_wqr2EjXF4AaABAg,we need a clinical striker in this transfer window,@SAMEJECLE,2025-12-28T06:11:46Z,1,0
riUVmxHewGE,UgwAlD_Km4qIHKGEcGJ4AaABAg,Dorgunaldo Jos Jis 🔥,@sam_keira4318,2025-12-28T06:06:26Z,0,0
riUVmxHewGE,UgwluMLvshib-sV9PSp4AaABAg,Yall so down😅,@SUPERFLYMERCURIAL7,2025-12-28T06:05:17Z,0,0
riUVmxHewGE,UgwmoMbfKSl_l1Z72Ip4AaABAg,Egois banget itu siapa yg no 10,@abdurrohimnashrullah,2025-12-28T05:57:38Z,0,0
riUVmxHewGE,UgzSQ1NOArDzWxLC3eZ4AaABAg,GGMU 🔥,@abdur_w18,2025-12-28T05:48:42Z,0,0
riUVmxHewGE,UgyMsPct90O__yFzyNh4AaABAg,"Bruno needs rest at times, the team can play well without him, else we may risk losing him to a long term injury.",@princeralfordo,2025-12-28T05:44:23Z,12,0
riUVmxHewGE,UgzR1dGW5a0ZVBFriKt4AaABAg,Zirkzee is soooo baaaddd😢,@Julianalfa7,2025-12-28T05:37:44Z,0,0
riUVmxHewGE,UgycM-0KuldU7MC7Pnt4AaABAg,Redemption 🔥🔥🔥,@RadhaKrishna-m8l3y,2025-12-28T05:37:10Z,0,0
riUVmxHewGE,UgydXEtODtDdUq6Mwop4AaABAg,The best academy player Dorgu & Mainoo,@gunngaming7911,2025-12-28T05:31:29Z,0,0
riUVmxHewGE,UgzSUO44oiV3duCoSuR4AaABAg,We will win 5 games in row,@TuyizereWilliam-u1m,2025-12-28T05:28:12Z,0,0
riUVmxHewGE,UgwpwnT1t6tnht463SN4AaABAg,Semoga dgn gol tsb menambah kepercayaan diri dorgu,@MahesaSatria-z4z,2025-12-28T05:26:47Z,1,0
riUVmxHewGE,Ugyzw_oSBOn2qmLWXfZ4AaABAg,Big win with only 1 goal 😅,@oaseislah,2025-12-28T05:23:13Z,0,0
riUVmxHewGE,UgzDulTzMnEAdzqMAd14AaABAg,"With the injuries and Africa Cup for difficult and limited choice, I still find Utd played decently in their last two matches, although a lost to villa which the game was dominated and controlled by Utd, I see there are gradually improving.",@henman5123,2025-12-28T05:21:45Z,12,0
riUVmxHewGE,UgwrsBtaXgXqksCUBrt4AaABAg,"RUBEN AMORIM HAS DONE WHAT NO ONE HAS DONE IN OVER A DECADE!, CHANGE OUR CULTURE AND TAKE RISKS! HE IS OUR MANAGER AND HE WILL TAKE US TO TRUE SUCCESS❤️💯🏆👑💪🏽👍🏻",@slicesofsib5572,2025-12-28T05:20:50Z,0,0
riUVmxHewGE,UgxdcCGKSlFryFRwrxh4AaABAg,I believe why dorgu perform was because he was never afraid to utilise his right foot. Newcastle defenders was expecting him to move back the ball back to his left foot but he dint,@muhdfarhan1286,2025-12-28T05:12:03Z,0,0
riUVmxHewGE,UgznNfI0DqfxSTaapjh4AaABAg,👹,@febbyfv,2025-12-28T05:11:33Z,0,0
riUVmxHewGE,UgxHMbdPLgPS0Ni4Xo54AaABAg,Cunha 🎉🎉,@MahidulIslamMahim-r1f,2025-12-28T05:11:23Z,0,0
riUVmxHewGE,UgxxHNy0hgasMc_wYMF4AaABAg,without BF NO problem!!!!gogogoal!!!!!!!,@timmingtim,2025-12-28T05:06:18Z,0,0
riUVmxHewGE,UgyqsPnSmTbBkrr2eNR4AaABAg,Cunha Should Stop his selfish behavior,@BeKii21,2025-12-28T05:06:09Z,0,0
riUVmxHewGE,Ugz82gcK4_tMDZpQSY14AaABAg,Honestly Patrick Dorgu and Park Ji Sung share the same around and both wear same number at United! ✨❤️‍🔥,@tarawenson4237,2025-12-28T04:55:42Z,2,0
riUVmxHewGE,UgxBLq3Ec81ObB5Jd3x4AaABAg,"When Cunha get what his feels, no matter left or right shoot, I believe the goals will come, his typical shoot always trying to shoot end with out reach of GK meaning close to woodwork, and GK will be definitely out of position to stop. Why it is not accurate enough, only need to keep positioning with short driblling and he will find his feels, now he is like ball machine to drive ball too long distance intended to bring from middle to forward then make his keeping ball weaken then also lost his optimum shoot feeling",@rizaamrulloh4696,2025-12-28T04:46:01Z,0,0
riUVmxHewGE,UgzRp2fJ0hoIp1tFMtl4AaABAg,Newcastle should go home and work on themselves😢,@don_don-t9r,2025-12-28T04:39:22Z,0,0
riUVmxHewGE,UgxoTodV4uhbUsNM-1V4AaABAg,cunha laper banget kayanya wkwk,@RLMS_Short,2025-12-28T04:37:32Z,0,0
riUVmxHewGE,Ugz7g5q-YO9LVQuozdV4AaABAg,Sesko must improve his confidence,@ramayonline2281,2025-12-28T04:24:22Z,5,0
riUVmxHewGE,Ugy2MG6MQ-FCUhpL9al4AaABAg,Sesko just needs to score more goals,@yohxn8660,2025-12-28T04:16:52Z,4,0
riUVmxHewGE,UgwIrTLPiVssH800tAd4AaABAg,Better today without Bruno? What say ye?🤔,@dregooztopdrawerent,2025-12-28T04:15:36Z,0,0
riUVmxHewGE,UgxIGtRAPBdeNHFxNRR4AaABAg,"Well, that's just my opinion. Since Bruno left, the players have been free to play aggressively. Because of Bruno, the players on the team are constantly complaining to the coach and emphasizing their positions, which is bad for the team atmosphere. If he didn't have that attitude, the team atmosphere would be NUMBER 1.",@PurevdorjBazar,2025-12-28T04:15:26Z,0,0
riUVmxHewGE,UgwWIFVvIFbSw3NwLUR4AaABAg,Cunha does just too much,@sundusugaas8596,2025-12-28T04:12:46Z,0,0
riUVmxHewGE,Ugxji8tDpUye8fwTk514AaABAg,cunha is getting too selfish with ball,@mugauriwatie,2025-12-28T04:11:16Z,0,0
riUVmxHewGE,Ugyih5rWHYKKHsZjOyp4AaABAg,jos,@ralineiemutzzz,2025-12-28T04:10:05Z,0,0
riUVmxHewGE,UgwSDQMAMc17tP1H22p4AaABAg,y sesko 😢 please gear up,@mugauriwatie,2025-12-28T04:06:16Z,0,0
riUVmxHewGE,Ugwx-7Dv3zb9BXQfjY14AaABAg,"Cunha holds the ball for far too long and constantly kills the attacking flow. He looks for his own goal before the team, ignoring simple passing options when they’re clearly there. This isn’t confidence — it’s selfishness. As a result, the striker is always isolated and attacks end as one-man actions.
Look at Man City or Arsenal. If you don’t play combinations, you’re benched. Even Haaland plays one-touch football for the team. Cunha does the opposite — he chases highlights instead of combinations and breaks the team’s rhythm every time.",@무하알리,2025-12-28T04:04:11Z,0,0
riUVmxHewGE,UgzkuG3yhKVZpMYm1vZ4AaABAg,"dorgu should play on the right side more 
he is more comfortable there",@PhilipWaki-on3tc,2025-12-28T03:59:26Z,0,0
riUVmxHewGE,UgyL4ovld7HOfeVw4GN4AaABAg,Honestly we need to sign some players during winter transfer window.,@JeffreyDaGandaz,2025-12-28T03:59:22Z,30,3
riUVmxHewGE,UgyVfGCyzgHTpLgNlEt4AaABAg,Cunha is selfish...try to playing teamgame,@IsaacLalruatpuia12,2025-12-28T03:50:47Z,0,0
riUVmxHewGE,UgzpWr5AVyAPwRhzhQd4AaABAg,i like Manchesterunited❤❤❤❤❤❤❤,@NiNi-tj4ql,2025-12-28T03:50:01Z,2,0
riUVmxHewGE,UgzMPwfyTHF3Zu6XX2h4AaABAg,Cunha needs to be a little less selfish. What is up with these players thinking they can have a go at it even when they know they cant score.,@SparkShredder,2025-12-28T03:46:25Z,0,0
riUVmxHewGE,UgzkyzeTr8i_laf7Glh4AaABAg,မယ,@zinimmortal107,2025-12-28T03:45:08Z,0,0
riUVmxHewGE,Ugw16ZK1BvhVSai9kY14AaABAg,It’s one of the worst Utd games I can ever remember watching!!!! This club and team is appalling!!! Fans of 30yrs and over don’t fall for this constant social media spin! We are as far away from winning the league as we have ever been!,@willwud,2025-12-28T03:43:38Z,0,0
riUVmxHewGE,UgxojHLucn-QMwu-TAN4AaABAg,Sesko 👍,@simpelsvlog,2025-12-28T03:40:27Z,5,0
riUVmxHewGE,Ugwt3xBeidLUvcb43RR4AaABAg,KING MAN UTD Manchester Is red no blue,@kyboyvan,2025-12-28T03:36:49Z,0,0
riUVmxHewGE,UgzqMbWEgIAe2jPHHS94AaABAg,"Man Cunha gotta look up sometimes, so many times where he could have made better decisions",@k.l.s8716,2025-12-28T03:34:16Z,0,0
riUVmxHewGE,UgyVLwhHLklN8Zy9pth4AaABAg,"4-2-3-1 👍👍💪💪💯💯💯💯


(No 3-4-3 👎👎)",@sugiono-u7j,2025-12-28T03:27:54Z,0,0
riUVmxHewGE,UgxEIf9uzt6B54Gr2a94AaABAg,"anzay, di vidio bayar lagi nih buat nonton mini match wkwkwk",@futharp7786,2025-12-28T03:26:55Z,0,0
riUVmxHewGE,UgwmYXSYcsrzlaKH_1J4AaABAg,Buy goalkeeper Savic in the January transfer window.,@NhanLe-un6yz,2025-12-28T03:23:16Z,0,0
riUVmxHewGE,Ugypd4XKTTald5xwpmx4AaABAg,Liverpool Better,@DewangMishra-x9u,2025-12-28T03:17:11Z,0,2
riUVmxHewGE,UgwCddBrYUkLFMhkMaJ4AaABAg,Heaven man of the match day❤,@lavitesse11,2025-12-28T03:15:14Z,0,0
riUVmxHewGE,UgwQ-mQkYoF8s9O1Efh4AaABAg,Cunha should learn how to shot on goal. He’s shots are always poor.,@Dailylife1712,2025-12-28T03:10:47Z,0,0
riUVmxHewGE,Ugz8Ql8ZHqfJizE2iNJ4AaABAg,I BEG you 🙏 make Licha and Heaven regular starters,@Alibaba-wm7rj,2025-12-28T03:05:49Z,0,0
riUVmxHewGE,Ugy_7uqLgTMQ6NlB8G94AaABAg,Brilliant strike,@TimewornCookie6,2025-12-28T03:01:15Z,0,0
riUVmxHewGE,Ugw4BhWWtjGniYiwItR4AaABAg,"Cunha is what we wanted Pogba to be. He was never this! He was always a midfielder, but the best midfielder!",@nigeljoseph6338,2025-12-28T02:59:18Z,0,0
riUVmxHewGE,Ugwkprx5Hve6h3BWw3t4AaABAg,patrick dorgoat😅,@ghuravmuhaimin2821,2025-12-28T02:56:49Z,0,0
riUVmxHewGE,UgyM88gnWPTVoHcI4Wp4AaABAg,My deary eye count.... just in this extended highlight package... 8 shots/chances for MU versus 4 for NU. We should have alteast scored... 3.. Anyways 3 points is what matters .. Keep going MU...,@paramvenkit9154,2025-12-28T02:49:39Z,0,0
riUVmxHewGE,UgxfZ2NSucc1D1WxnvR4AaABAg,nice,@Puzzlehup_com,2025-12-28T02:46:43Z,0,0
riUVmxHewGE,UgzoKyowUk-qtiWcJS94AaABAg,Haram Ball,@B3nnyR4ttle,2025-12-28T02:42:46Z,0,0
riUVmxHewGE,UgwHe0GxXp_wL60GDS94AaABAg,Feels like Heaven whenever we win,@UncleAT,2025-12-28T02:42:41Z,4,0
riUVmxHewGE,UgzzwFxCRPnMBFGFtVZ4AaABAg,"Sesko all round game is getting up to pace with the prem now,just a bit of luck rub of the green in front of goal and he'll be firing on all cylinders,the big Dutch lump came on up front and stunk old Trafford out, he looks 2 stone over weight,yoro just doesn't learn, constantly caught out by pace,young heaven looks the real deal,would love to see heaven and yoro partner up in a back four,with the little argie at 6 running the show🎉🎉",@wont12,2025-12-28T02:37:30Z,5,0
riUVmxHewGE,UgxMcKyeraH8OfsXH3V4AaABAg,This match is fantastic,@Dapper678,2025-12-28T02:36:00Z,1,0
riUVmxHewGE,UgxKJmk_9yqqICPEgZ54AaABAg,Cunha so wasteful. Can't be clinical?,@freindz100,2025-12-28T02:34:32Z,0,0
riUVmxHewGE,UgxPSXXAp5jVEg9V-oR4AaABAg,🔥🔥🔥🔥,@FemiOdetti,2025-12-28T02:34:25Z,0,0
riUVmxHewGE,Ugy28EOPow0ih7D_fdt4AaABAg,Big win?😂 This lucky win bro,@riskikhatami7682,2025-12-28T02:34:07Z,0,0
riUVmxHewGE,UgwKtpWbMrM1WujpznZ4AaABAg,GGMU ❤,@Athvythan,2025-12-28T02:26:10Z,0,0
riUVmxHewGE,UgxJsYXs8otNAa98H7F4AaABAg,"Cunha should try to play with the team; it's a team game, Mr.",@KingsleyIkpa-agodo,2025-12-28T02:24:26Z,2,1
riUVmxHewGE,UgwNrMc6qHs38V3_U5p4AaABAg,Sesko actually plays quite well as part of the team — he just needs a goal to silence the critics.,@Itsreyeverything,2025-12-28T02:21:22Z,623,29
riUVmxHewGE,UgwAZda18QHPImHAIrx4AaABAg,"If we were less selfish, 2 more goals would have been very likely",@nelsonebuka6869,2025-12-28T02:21:22Z,0,0
riUVmxHewGE,UgzsoneiB3tOTb8y0qB4AaABAg,Dorgu became Mbeumo there lol,@1FUNN,2025-12-28T02:20:25Z,4,0
riUVmxHewGE,Ugyb3YYAl-QxvI9VYTd4AaABAg,Dorgu might as well play as a winger. Very effective,@kkang5253,2025-12-28T02:15:48Z,8,0
riUVmxHewGE,UgxmV3Xg-XYW7bTa8MN4AaABAg,Ruben should utilise the 433 more often !,@hyprin,2025-12-28T02:08:49Z,1,0
riUVmxHewGE,UgwRE2gPOyqBm_bzS7F4AaABAg,United please buy hall. I think Dorgu and Amad should compete for the right wing spot,@davidoruitemeka,2025-12-28T02:06:33Z,0,0
riUVmxHewGE,UgxMkU9nxnbzEBi3mFl4AaABAg,"Look To Future! The priority targets for a balanced midfield, defensive depth & a Striker. We want Baleba 70M, Ederson 35M & Gomes 40M who are the missing pieces in our midfield for Man Utd to eventually replace Bruno, Casemiro & Scholerberk/Todibo, both to replace Maguire & Dju alls well in January then we can seriously challenge for league this season!
 
Keep it in the family!",@bryngefferies7530,2025-12-28T02:04:56Z,1,2
riUVmxHewGE,UgyEjClvbTm2XrcIHoR4AaABAg,Someone should please talk to Cunha that football is a team sport so he should stop taking those unnecessary shots. He should look for his teammates and also put balls on the plates for teammates too. He should have passed to Dorgu at least twice for easy tap ins.,@jucticetetteh4500,2025-12-28T02:04:34Z,1,0
riUVmxHewGE,Ugy8HgDUBBgQ86jPfah4AaABAg,GGMU❤,@KhairulAnwarsv,2025-12-28T02:01:58Z,1,0
riUVmxHewGE,UgyRbpQRUF4f2w9S5Zx4AaABAg,"While Bruno & DeLigt are injured, it's best for Martinez to take the Captaincy & get Heaven, Mainoo & Ugarte etc.. under his wing & treat the upcoming games as an opportunity to impose themselves & go on a run!

Cunha has to stop being selfish & improve his link up play/finish!

Keep it in the family!",@bryngefferies7530,2025-12-28T02:01:51Z,4,1
riUVmxHewGE,UgzZzGcxn9ctxbAZ4Ix4AaABAg,United we stand?.,@babooramBalloo,2025-12-28T02:01:44Z,0,0
riUVmxHewGE,UgxuD0CxVZJQuAmDr3h4AaABAg,Dorgu first goal reminds me Matic first goal. Fantastic volley,@Bagasdharma,2025-12-28T02:00:00Z,20,1
riUVmxHewGE,UgwGxtfxXZYOzyi0Iup4AaABAg,Cunha is selfish,@EmmanuelNwachukwu-p5e,2025-12-28T01:56:55Z,1,0
riUVmxHewGE,UgwyfHLA6U8EE7w1-QN4AaABAg,❤❤❤❤❤❤,@jeanettecarter5438,2025-12-28T01:51:00Z,0,0
riUVmxHewGE,UgxaBKPbugPUwzxkhnl4AaABAg,Man u forever📖🙏🏿,@marlonwilliams1963,2025-12-28T01:50:00Z,0,0
riUVmxHewGE,UgxNWcY0i2tQeoi19al4AaABAg,Look at what Cunha did in this match! Reminds me of what Bruno did every matches 😂,@ericdharmawan9202,2025-12-28T01:49:26Z,2,0
riUVmxHewGE,UgxVfSz7cVgJabIZyJh4AaABAg,Cunha is selfish like Genacho,@ibrahimazizbangura2324,2025-12-28T01:44:59Z,1,0
riUVmxHewGE,UgxY-ZBAPTqPJE6YNq14AaABAg,Love the commentry,@marlonwilliams1963,2025-12-28T01:35:42Z,2,0
riUVmxHewGE,UgzvnYAyP4f6zLxr9N54AaABAg,❤❤❤,@mohammedfadel2791,2025-12-28T01:35:23Z,0,0
riUVmxHewGE,UgwiUq1tokI2sQ7hNfl4AaABAg,"Saya muak dengan permainan Cunha dan Zirkzee, mereka berdua banyak kehilangan bola",@Jofiyant,2025-12-28T01:28:03Z,0,0
riUVmxHewGE,UgypjmDIGyFI-HLBa1p4AaABAg,Exactly what Amorim wants from his wingbacks. Go on Dorgu!,@Chesterfield99,2025-12-28T01:22:48Z,59,0
riUVmxHewGE,Ugy9MlteLDwifuvc1Sl4AaABAg,Ugarte and Casemiro are the best midfield pairing,@auliaadres1998,2025-12-28T01:15:49Z,0,1
riUVmxHewGE,UgzCse9IEQi-8MUJp3t4AaABAg,It wasn’t a four it was always a three. Martinez - Heaven - Dalot. Seen nobody see this.,@garethporter1554,2025-12-28T01:07:19Z,0,1
riUVmxHewGE,UgzmrrDVb0Im_hv0t1h4AaABAg,"Since Nottingham forest, We lose 13 points et win 13 points.
We dont progress. Conclusion of Football, is to score goals and win games and trophies.",@prophèteSamuel-h2j,2025-12-28T01:05:40Z,0,0
riUVmxHewGE,UgwPHSKO7MjJX5yAXLt4AaABAg,Dorgu has found himself,@mabelwiredu9656,2025-12-28T00:57:23Z,3,0
riUVmxHewGE,UgxZtbmfMuEFVsMFIHt4AaABAg,Dorgu out there turning into prime Gareth Bale,@androidgust7551,2025-12-28T00:54:56Z,2,3
riUVmxHewGE,UgxFdjjB6F8Sv8YCZnB4AaABAg,Titles are not far away,@bhimeshbhattarai2073,2025-12-28T00:53:33Z,0,0
riUVmxHewGE,UgzhY5sYrs9BIm8LXjZ4AaABAg,"Dorgu is 21, the future is bright",@mathiasfabian-m6g,2025-12-28T00:46:47Z,133,5
riUVmxHewGE,UgxNuMM-cLitSe79fOR4AaABAg,Yuhuuuu 🎉,@ferrynaat6022,2025-12-28T00:46:26Z,0,0
riUVmxHewGE,Ugx6kO40l2xLXrfJV9d4AaABAg,"Just Continue Great Goal from 
Patrick Dorgu. 

Manchester United Winners against
Newcastle United at Old Trafford stadium 
score by 1-0.


Commentator : Liam Bradford And Ben Thornley.",@tirtoananda4348,2025-12-28T00:42:42Z,0,0
riUVmxHewGE,Ugz38nsepFJwAMIo9x54AaABAg,Cunha is giving me headaches right now 💆🏾‍♂️,@sbumkhwanazi1679,2025-12-28T00:37:39Z,1,0
riUVmxHewGE,UgydRsR-okcB6JzRfK94AaABAg,"Cunha is playing well, he just sometimes forgets how to pass to his teammates😂🔥",@LSSforyou,2025-12-28T00:37:32Z,382,19
riUVmxHewGE,UgxTtrSTal20uXsUdB54AaABAg,Roberto carlos in disguise,@M3G4-362,2025-12-28T00:36:02Z,0,0
riUVmxHewGE,UgwmfMvCjwKvPBbO6YJ4AaABAg,"It's not a big win but a narrow one.
Man  U is still a one half team as shown below:
1. Consistency is still an issue, and the team had a few disappointing results in November/December, such as a home draw against West Ham and a loss to Aston Villa. 
2. Man U played for over 80 minutes with an extra man on home ground but failed to score or even secure a draw against Everton. This specific game is evidence that tactical issues and a lack of fighting spirit persist, undermining arguments of consistent improvement. It was a historic loss for United, as it was the first time in 47 Premier League games that a visiting team won at Old Trafford after having a player sent off.",@DDFT-b7z,2025-12-28T00:30:51Z,1,0
riUVmxHewGE,Ugz-e3MUMeqi_drtEnd4AaABAg,selamat pagi indonesia MANCHESTER UNITED FOREVER 🇮🇩,@wicaksonoarief391,2025-12-28T00:29:52Z,8,0
riUVmxHewGE,Ugw3QA0nyUypTQ-qe8V4AaABAg,"3 points
clean sheet 
Would be nice if we can grab the next 9 points",@riskydixi,2025-12-28T00:28:58Z,2,0
riUVmxHewGE,UgybnhEnucOW01JaHG14AaABAg,Should have scored at least 3🎉,@MohamedRayyanMaricanMohamedAzr,2025-12-28T00:18:33Z,69,0
riUVmxHewGE,UgyZK06ZxBM9bV1n18h4AaABAg,L'égoïsme de Cunha me dépasse!😢,@ahmadoundiaye1178,2025-12-28T00:17:10Z,1,0
riUVmxHewGE,Ugw_XU3YiUmbJGDpynB4AaABAg,"I don't think the substitutes and changes in tactic were really necessary, we seemed to be holding on more solidly before them.
still, I'm happy to see that amorim does make big changes at all! that's new!",@rickyspanish4792,2025-12-28T00:17:01Z,0,0
riUVmxHewGE,UgxmpCMae3DeNpq2-Kh4AaABAg,Dorgu and heaven look like brothers,@alandalton-b3d,2025-12-28T00:16:32Z,50,2
riUVmxHewGE,UgzEaqJckNVneKkO4np4AaABAg,United forever ❤❤,@richhommiekhalifah9646,2025-12-28T00:09:07Z,9,0
riUVmxHewGE,UgxQNAea5_A6IqqAheB4AaABAg,Manchester United lebih cocok memakai skema 4 bek,@danangsakti681,2025-12-28T00:08:38Z,1,0
riUVmxHewGE,UgxwFrmR1uThIJExyPx4AaABAg,"Ya’ll blaming Sesko, do you even realize that he orchestrated the attack that led to the throwing that led to the goal??? You must be opp fans pretending to be United fan 😂😂",@TMPOffisial,2025-12-28T00:06:56Z,132,8
riUVmxHewGE,UgwXFzWmIY9SSihysFJ4AaABAg,Shout out to our defence man 🎉,@AdiBodade,2025-12-28T00:06:00Z,158,9
riUVmxHewGE,Ugy0g16pgBGiz0Mkm_Z4AaABAg,Boxing day record ❤🎉😍😤,@AdiBodade,2025-12-28T00:05:33Z,24,0
riUVmxHewGE,UgxvRyWHbnUJwr_Wrcl4AaABAg,Great team performance,@LeoKhumalo-j8r,2025-12-28T00:04:38Z,9,0
riUVmxHewGE,UgzskDgaq7lJgfCYRQR4AaABAg,GGMU ❤,@Venelincho,2025-12-28T00:04:25Z,3,0
riUVmxHewGE,Ugwmv_rO95e2X4r3KTN4AaABAg,No one is perfect but Heaven is because there’s no mistake in heaven ❤😅,@TMPOffisial,2025-12-28T00:04:21Z,10,0
riUVmxHewGE,UgxhUf9alF_l7fH22th4AaABAg,GGMU,@ManchesterIsRedEdits,2025-12-28T00:04:20Z,0,0
riUVmxHewGE,UgyorrZlNJvtL9eX97R4AaABAg,Thank you Admin ❤ we also need it shown at the cinema too 😍,@TMPOffisial,2025-12-28T00:03:24Z,27,0
riUVmxHewGE,Ugxcb8ZewvwhLjlDFFZ4AaABAg,Patrick Dorgu played like prime Ronaldinho 🔥,@ronpesok2359,2025-12-28T00:03:01Z,154,30
riUVmxHewGE,UgzS3cIbbv139P_BXPt4AaABAg,First to comment GGMU ❤️🤍,@GENTLELION_001_RATEL_GANG,2025-12-28T00:02:00Z,2,0
riUVmxHewGE,Ugy3j4XkEXSqagVaiDZ4AaABAg,First comment,@Santaho,2025-12-28T00:01:46Z,0,1
