video_id,video_url,comment_id,comment_author_display,comment_author_channel_id,comment_content,comment_lang,comment_time_utc,comment_time_local,comment_like_count,comment_reply_count,reply_id,reply_author_display,reply_author_channel_id,reply_content,reply_lang,reply_time_utc,reply_time_local,reply_like_count,view_count,like_count,comment_count,crawl_time
hGuaDnqpot4,https://www.youtube.com/watch?v=hGuaDnqpot4,Ugy06xWQ3j41LfOigQ14AaABAg,@Penguinrantsroblox0,UCe1KMb1UbrIvtI08lZevpQw,ONE MORE TEASER ONE MORE TEASER ONE MORE TEASER ONE MORE TEASER ONE MORE TEASER,ja,2025-04-22T17:04:21Z,2025-04-22 13:04:21,1,1,Ugy06xWQ3j41LfOigQ14AaABAg.AHDvkq8nQANAHDvu8qctnZ,@ICEY1956,UCpEc4CDoVWFAROqXwZ8-08A,🎉,ja,2025-04-22T17:05:37Z,2025-04-22 13:05:37,0,50667,624,703,"Wed, 17 Dec 2025 14:21:23 GMT"
hGuaDnqpot4,https://www.youtube.com/watch?v=hGuaDnqpot4,UgzfFxzmTOqemO1gky94AaABAg,@oof6382,UCar2MKZslhrCpPcsUNBLn7g,WHERE TF IS THE SQUID GAME TEATER,en,2025-04-21T21:57:28Z,2025-04-21 17:57:28,2,1,UgzfFxzmTOqemO1gky94AaABAg.AHBsVqthKFMAHBsWMkycTO,@oof6382,UCar2MKZslhrCpPcsUNBLn7g,TEASER,no,2025-04-21T21:57:32Z,2025-04-21 17:57:32,0,50667,624,703,"Wed, 17 Dec 2025 14:21:23 GMT"
hGuaDnqpot4,https://www.youtube.com/watch?v=hGuaDnqpot4,UgwuQAKfyaxc197VSRp4AaABAg,@phinzforlife,UCTzkR5wdiesF833LlFqRnmQ,WE WANT SQUID GAME S3 TEASER,en,2025-04-21T17:08:34Z,2025-04-21 13:08:34,8,1,UgwuQAKfyaxc197VSRp4AaABAg.AHBMRuKOnmVAHBiNi8_ByU,@3l00l3X,UCanmkaO-1Fzgl7QlB4o3K8g,FR,be,2025-04-21T20:28:59Z,2025-04-21 16:28:59,0,50667,624,703,"Wed, 17 Dec 2025 14:21:23 GMT"
hGuaDnqpot4,https://www.youtube.com/watch?v=hGuaDnqpot4,UgynDR-nf0DZcpl52nB4AaABAg,@JamezzGamez,UCdegLJyBJCyI3cvpCUobuXg,Give Netflix time 🙏,en,2025-04-21T16:46:04Z,2025-04-21 12:46:04,3,1,UgynDR-nf0DZcpl52nB4AaABAg.AHBJs0O9MzyAHBK7O9Zbwz,@Nqt_Mystic,UCKK13l6FClyyq_i8zPT3RSw,ONE MORE TEASER,NA,2025-04-21T16:48:18Z,2025-04-21 12:48:18,2,50667,624,703,"Wed, 17 Dec 2025 14:21:23 GMT"
hGuaDnqpot4,https://www.youtube.com/watch?v=hGuaDnqpot4,Ugw28psghzsXJZI6Cgh4AaABAg,@Presentador28,UCNIYUT_oT3ZbWnAZWchXHsw,¿Theres gonna be Violence?,en,2025-04-21T16:09:14Z,2025-04-21 12:09:14,1,1,Ugw28psghzsXJZI6Cgh4AaABAg.AHBFeFlL6w4AHBMvoJOwto,@RoksanaWierzbicki,UCjeWjlh6D3hHe4YjS1PFliw,WERE TALKING ABOUT SQUID GAME TEASERS HERE....,en,2025-04-21T17:12:48Z,2025-04-21 13:12:48,0,50667,624,703,"Wed, 17 Dec 2025 14:21:23 GMT"
hGuaDnqpot4,https://www.youtube.com/watch?v=hGuaDnqpot4,UgxfXC4vldasg_fHDFh4AaABAg,@Felix.ae12,UC4HRtmmSurmEXuvgyBzlFYw,THIS NOT SQUID GAME💔🙏🏻😭,en,2025-04-21T16:03:11Z,2025-04-21 12:03:11,5,1,UgxfXC4vldasg_fHDFh4AaABAg.AHBExzuWYj0AHBK8lZWyHO,@PackgodEnthusiast,UCXzj8Y0ek4NXAuxCDcpQ-eA,Sergeant I guess our job is to colonise YouTube shorts,en,2025-04-21T16:48:29Z,2025-04-21 12:48:29,0,50667,624,703,"Wed, 17 Dec 2025 14:21:23 GMT"
hGuaDnqpot4,https://www.youtube.com/watch?v=hGuaDnqpot4,Ugzh9C9qz0Vw7ly2vQx4AaABAg,@NEXUSStudios56,UC1eIG34TIxMfgqCHdkvPvOg,"THIS IS NOT SQUID GAME, WE DONT WANT THIS",en,2025-04-21T16:03:04Z,2025-04-21 12:03:04,19,1,Ugzh9C9qz0Vw7ly2vQx4AaABAg.AHBEwyjPhawAHBiLlw0YLu,@3l00l3X,UCanmkaO-1Fzgl7QlB4o3K8g,FR,be,2025-04-21T20:28:43Z,2025-04-21 16:28:43,1,50667,624,703,"Wed, 17 Dec 2025 14:21:23 GMT"
hGuaDnqpot4,https://www.youtube.com/watch?v=hGuaDnqpot4,UgwjlitTm4sfSqjEC4R4AaABAg,@premiumzv,UCyugQFdvdxNU56yov8Q9m5Q,WHERES THE SQUID GAME SEASON 3 TEASER,NA,2025-04-21T16:02:50Z,2025-04-21 12:02:50,19,2,UgwjlitTm4sfSqjEC4R4AaABAg.AHBEvQs2na3AHBiM724wEN,@3l00l3X,UCanmkaO-1Fzgl7QlB4o3K8g,FR,be,2025-04-21T20:28:46Z,2025-04-21 16:28:46,0,50667,624,703,"Wed, 17 Dec 2025 14:21:23 GMT"
hGuaDnqpot4,https://www.youtube.com/watch?v=hGuaDnqpot4,UgwjlitTm4sfSqjEC4R4AaABAg,@premiumzv,UCyugQFdvdxNU56yov8Q9m5Q,WHERES THE SQUID GAME SEASON 3 TEASER,NA,2025-04-21T16:02:50Z,2025-04-21 12:02:50,19,2,UgwjlitTm4sfSqjEC4R4AaABAg.AHBEvQs2na3AHCB_ktsixn,@camilcorrafurnica2368,UCpWgkqVvnbww3ay3t688S0g,DONDE ESTA EL TRAILER DEL JUEGO DEL CALAMAR,es,2025-04-22T00:52:54Z,2025-04-21 20:52:54,0,50667,624,703,"Wed, 17 Dec 2025 14:21:23 GMT"
hGuaDnqpot4,https://www.youtube.com/watch?v=hGuaDnqpot4,Ugx7BwxuFt9fFnfBrcN4AaABAg,@celemzz,UCXcqqj9vXxCE1ZHyek7lqoA,BRO PLEASE GIVE SQUID GAME TEASER,en,2025-04-21T16:02:37Z,2025-04-21 12:02:37,15,1,Ugx7BwxuFt9fFnfBrcN4AaABAg.AHBEtpnz8T9AHBiOFoh5SC,@3l00l3X,UCanmkaO-1Fzgl7QlB4o3K8g,FR,be,2025-04-21T20:29:03Z,2025-04-21 16:29:03,0,50667,624,703,"Wed, 17 Dec 2025 14:21:23 GMT"
hGuaDnqpot4,https://www.youtube.com/watch?v=hGuaDnqpot4,UgxH_LyWfriUaVLeWOt4AaABAg,@thingy_do822,UCDXeG9CEUxId-Nf8fhzdFkg,ONE MORE TEASER ONE MORE TEASER ONE MORE TEASER ONE MORE TEASER,NA,2025-04-21T16:02:37Z,2025-04-21 12:02:37,38,3,UgxH_LyWfriUaVLeWOt4AaABAg.AHBEtowhtOkAHBGhHHyBoe,@premiumzv,UCyugQFdvdxNU56yov8Q9m5Q,ONE MORE TEASER ONE MOR TEASER ONE MORE ONE MORE TEASER ONE MOR TEASER ONE MORE  TEASER ONE MORE TEASER ONE MORE TEASER ONE MORE TEASER ONE MORE TEASER ONE MORE TEASER ON MORE TEASER ONE MORE ONE MORE TEASER ONE MOR TEASER ONE MORE ONE MORE TEASER ONE MOR TEASER ONE MORE  TEASER ONE MORE TEASER ONE MORE TEASER ONE MORE TEASER ONE MORE TEASER ONE MORE TEASER ON MORE TEASER ONE MORE ONE MORE TEASER ONE MOR TEASER ONE MORE ONE MORE TEASER ONE MOR TEASER ONE MORE  TEASER ONE MORE TEASER ONE MORE TEASER ONE MORE TEASER ONE MORE TEASER ONE MORE TEASER ON MORE TEASER ONE MORE ONE MORE TEASER ONE MOR TEASER ONE MORE ONE MORE TEASER ONE MOR TEASER ONE MORE  TEASER ONE MORE TEASER ONE MORE TEASER ONE MORE TEASER ONE MORE TEASER ONE MORE TEASER ON MORE TEASER ONE MORE ONE MORE TEASER ONE MOR TEASER ONE MORE ONE MORE TEASER ONE MOR TEASER ONE MORE  TEASER ONE MORE TEASER ONE MORE TEASER ONE MORE TEASER ONE MORE TEASER ONE MORE TEASER ON MORE TEASER ONE MORE ONE MORE TEASER ONE MOR TEASER ONE MORE ONE MORE TEASER ONE MOR TEASER ONE MORE  TEASER ONE MORE TEASER ONE MORE TEASER ONE MORE TEASER ONE MORE TEASER ONE MORE TEASER ON MORE TEASER ONE MORE TEASER,ja,2025-04-21T16:18:23Z,2025-04-21 12:18:23,0,50667,624,703,"Wed, 17 Dec 2025 14:21:23 GMT"
hGuaDnqpot4,https://www.youtube.com/watch?v=hGuaDnqpot4,UgxH_LyWfriUaVLeWOt4AaABAg,@thingy_do822,UCDXeG9CEUxId-Nf8fhzdFkg,ONE MORE TEASER ONE MORE TEASER ONE MORE TEASER ONE MORE TEASER,NA,2025-04-21T16:02:37Z,2025-04-21 12:02:37,38,3,UgxH_LyWfriUaVLeWOt4AaABAg.AHBEtowhtOkAHBljwIcVhr,@RaN_dOm_666,UCLSwwiKcHaJmHAx2oU075Zg,I've been waiting for the comment like this😂,en,2025-04-21T20:58:22Z,2025-04-21 16:58:22,0,50667,624,703,"Wed, 17 Dec 2025 14:21:23 GMT"
hGuaDnqpot4,https://www.youtube.com/watch?v=hGuaDnqpot4,UgxH_LyWfriUaVLeWOt4AaABAg,@thingy_do822,UCDXeG9CEUxId-Nf8fhzdFkg,ONE MORE TEASER ONE MORE TEASER ONE MORE TEASER ONE MORE TEASER,NA,2025-04-21T16:02:37Z,2025-04-21 12:02:37,38,3,UgxH_LyWfriUaVLeWOt4AaABAg.AHBEtowhtOkAHOTa2FrORP,@PearlUniverse16,UCTxZwlc09QT3jj_BSjNPWdg,Fr,be,2025-04-26T19:21:07Z,2025-04-26 15:21:07,0,50667,624,703,"Wed, 17 Dec 2025 14:21:23 GMT"
hGuaDnqpot4,https://www.youtube.com/watch?v=hGuaDnqpot4,UgwO5B7lMKy_7nTiaQ14AaABAg,@Mohammad2212_YT,UC4LVEtzAjp5XoKzWgev5dRQ,ONE MORE TEASER 🗣️🔥,NA,2025-04-21T16:02:06Z,2025-04-21 12:02:06,14,2,UgwO5B7lMKy_7nTiaQ14AaABAg.AHBEq38l8ORAHBG-Pzlm4O,@27kx57k1,UCxLj4Fyspyvnjp0SSV95JCQ,Yo!,ht,2025-04-21T16:12:15Z,2025-04-21 12:12:15,0,50667,624,703,"Wed, 17 Dec 2025 14:21:23 GMT"
hGuaDnqpot4,https://www.youtube.com/watch?v=hGuaDnqpot4,UgwO5B7lMKy_7nTiaQ14AaABAg,@Mohammad2212_YT,UC4LVEtzAjp5XoKzWgev5dRQ,ONE MORE TEASER 🗣️🔥,NA,2025-04-21T16:02:06Z,2025-04-21 12:02:06,14,2,UgwO5B7lMKy_7nTiaQ14AaABAg.AHBEq38l8ORAHBG3i_lNoq,@hxtake9564,UCkRQ6mrYUGkBCSFj4pFW2ZA,ONE MORE TEASER,NA,2025-04-21T16:12:51Z,2025-04-21 12:12:51,0,50667,624,703,"Wed, 17 Dec 2025 14:21:23 GMT"
hGuaDnqpot4,https://www.youtube.com/watch?v=hGuaDnqpot4,UgyuJcXPdFwdx9uQY5d4AaABAg,@doshikarl,UCQv9al-FUrNdGYr2pYFaWIA,"THIS IS NOT SQUID GAME

THIS IS NOT SQUID GAME

THIS IS NOT SQUID GAME

THIS IS NOT SQUID GAME

THIS IS NOT SQUID GAME",en,2025-04-21T16:01:14Z,2025-04-21 12:01:14,5,1,UgyuJcXPdFwdx9uQY5d4AaABAg.AHBEjhC_9xxAHBF9HTTCYl,@premiumzv,UCyugQFdvdxNU56yov8Q9m5Q,ONE MORE TEASER,NA,2025-04-21T16:04:52Z,2025-04-21 12:04:52,2,50667,624,703,"Wed, 17 Dec 2025 14:21:23 GMT"
hGuaDnqpot4,https://www.youtube.com/watch?v=hGuaDnqpot4,UgxSJF13esGpbo1idm94AaABAg,@swaggestt,UC75j79N6-kRJZ1Yi7r8vhHA,WE WANT SQUID GAME,en,2025-04-21T16:01:10Z,2025-04-21 12:01:10,11,1,UgxSJF13esGpbo1idm94AaABAg.AHBEjALIsaaAHBiNxBRQWW,@3l00l3X,UCanmkaO-1Fzgl7QlB4o3K8g,FR,be,2025-04-21T20:29:01Z,2025-04-21 16:29:01,0,50667,624,703,"Wed, 17 Dec 2025 14:21:23 GMT"
hGuaDnqpot4,https://www.youtube.com/watch?v=hGuaDnqpot4,Ugz4I09fsAL3PnpyKKR4AaABAg,@Break_Dance2,UCirVSCHKL_7HjyexRgJm9UQ,This is not squid game bro,en,2025-04-21T16:01:03Z,2025-04-21 12:01:03,13,1,Ugz4I09fsAL3PnpyKKR4AaABAg.AHBEiNxyU8xAHBiMOGCZGG,@3l00l3X,UCanmkaO-1Fzgl7QlB4o3K8g,FR,be,2025-04-21T20:28:48Z,2025-04-21 16:28:48,0,50667,624,703,"Wed, 17 Dec 2025 14:21:23 GMT"
hGuaDnqpot4,https://www.youtube.com/watch?v=hGuaDnqpot4,Ugy-E2f5_cC42qJ-54h4AaABAg,@YurTerra,UCL_SEnLQmqGeA30hKLTuafQ,We want the squid game teaser !!!,en,2025-04-21T16:00:57Z,2025-04-21 12:00:57,61,60,Ugy-E2f5_cC42qJ-54h4AaABAg.AHBEhZL0BiOAHBGeObk89g,@premiumzv,UCyugQFdvdxNU56yov8Q9m5Q,ONE MORE TEASER ONE MOR TEASER ONE MORE ONE MORE TEASER ONE MOR TEASER ONE MORE  TEASER ONE MORE TEASER ONE MORE TEASER ONE MORE TEASER ONE MORE TEASER ONE MORE TEASER ON MORE TEASER ONE MORE ONE MORE TEASER ONE MOR TEASER ONE MORE ONE MORE TEASER ONE MOR TEASER ONE MORE  TEASER ONE MORE TEASER ONE MORE TEASER ONE MORE TEASER ONE MORE TEASER ONE MORE TEASER ON MORE TEASER ONE MORE ONE MORE TEASER ONE MOR TEASER ONE MORE ONE MORE TEASER ONE MOR TEASER ONE MORE  TEASER ONE MORE TEASER ONE MORE TEASER ONE MORE TEASER ONE MORE TEASER ONE MORE TEASER ON MORE TEASER ONE MORE ONE MORE TEASER ONE MOR TEASER ONE MORE ONE MORE TEASER ONE MOR TEASER ONE MORE  TEASER ONE MORE TEASER ONE MORE TEASER ONE MORE TEASER ONE MORE TEASER ONE MORE TEASER ON MORE TEASER ONE MORE ONE MORE TEASER ONE MOR TEASER ONE MORE ONE MORE TEASER ONE MOR TEASER ONE MORE  TEASER ONE MORE TEASER ONE MORE TEASER ONE MORE TEASER ONE MORE TEASER ONE MORE TEASER ON MORE TEASER ONE MORE ONE MORE TEASER ONE MOR TEASER ONE MORE ONE MORE TEASER ONE MOR TEASER ONE MORE  TEASER ONE MORE TEASER ONE MORE TEASER ONE MORE TEASER ONE MORE TEASER ONE MORE TEASER ON MORE TEASER ONE MORE TEASER,ja,2025-04-21T16:17:59Z,2025-04-21 12:17:59,0,50667,624,703,"Wed, 17 Dec 2025 14:21:23 GMT"
hGuaDnqpot4,https://www.youtube.com/watch?v=hGuaDnqpot4,Ugy-E2f5_cC42qJ-54h4AaABAg,@YurTerra,UCL_SEnLQmqGeA30hKLTuafQ,We want the squid game teaser !!!,en,2025-04-21T16:00:57Z,2025-04-21 12:00:57,61,60,Ugy-E2f5_cC42qJ-54h4AaABAg.AHBEhZL0BiOAHBiJsixoCy,@3l00l3X,UCanmkaO-1Fzgl7QlB4o3K8g,FR,be,2025-04-21T20:28:28Z,2025-04-21 16:28:28,0,50667,624,703,"Wed, 17 Dec 2025 14:21:23 GMT"
hGuaDnqpot4,https://www.youtube.com/watch?v=hGuaDnqpot4,Ugy-E2f5_cC42qJ-54h4AaABAg,@YurTerra,UCL_SEnLQmqGeA30hKLTuafQ,We want the squid game teaser !!!,en,2025-04-21T16:00:57Z,2025-04-21 12:00:57,61,60,Ugy-E2f5_cC42qJ-54h4AaABAg.AHBEhZL0BiOAHDeYzDwrUz,@premiumzv,UCyugQFdvdxNU56yov8Q9m5Q,O,sm,2025-04-22T14:34:03Z,2025-04-22 10:34:03,0,50667,624,703,"Wed, 17 Dec 2025 14:21:23 GMT"
hGuaDnqpot4,https://www.youtube.com/watch?v=hGuaDnqpot4,Ugy-E2f5_cC42qJ-54h4AaABAg,@YurTerra,UCL_SEnLQmqGeA30hKLTuafQ,We want the squid game teaser !!!,en,2025-04-21T16:00:57Z,2025-04-21 12:00:57,61,60,Ugy-E2f5_cC42qJ-54h4AaABAg.AHBEhZL0BiOAHDeZMfgk9S,@premiumzv,UCyugQFdvdxNU56yov8Q9m5Q,O,sm,2025-04-22T14:34:06Z,2025-04-22 10:34:06,0,50667,624,703,"Wed, 17 Dec 2025 14:21:23 GMT"
hGuaDnqpot4,https://www.youtube.com/watch?v=hGuaDnqpot4,Ugy-E2f5_cC42qJ-54h4AaABAg,@YurTerra,UCL_SEnLQmqGeA30hKLTuafQ,We want the squid game teaser !!!,en,2025-04-21T16:00:57Z,2025-04-21 12:00:57,61,60,Ugy-E2f5_cC42qJ-54h4AaABAg.AHBEhZL0BiOAHDeZky1Wge,@premiumzv,UCyugQFdvdxNU56yov8Q9m5Q,O,sm,2025-04-22T14:34:09Z,2025-04-22 10:34:09,0,50667,624,703,"Wed, 17 Dec 2025 14:21:23 GMT"
hGuaDnqpot4,https://www.youtube.com/watch?v=hGuaDnqpot4,Ugy-E2f5_cC42qJ-54h4AaABAg,@YurTerra,UCL_SEnLQmqGeA30hKLTuafQ,We want the squid game teaser !!!,en,2025-04-21T16:00:57Z,2025-04-21 12:00:57,61,60,Ugy-E2f5_cC42qJ-54h4AaABAg.AHBEhZL0BiOAHDe_5c_KJS,@premiumzv,UCyugQFdvdxNU56yov8Q9m5Q,O,sm,2025-04-22T14:34:12Z,2025-04-22 10:34:12,0,50667,624,703,"Wed, 17 Dec 2025 14:21:23 GMT"
hGuaDnqpot4,https://www.youtube.com/watch?v=hGuaDnqpot4,Ugy-E2f5_cC42qJ-54h4AaABAg,@YurTerra,UCL_SEnLQmqGeA30hKLTuafQ,We want the squid game teaser !!!,en,2025-04-21T16:00:57Z,2025-04-21 12:00:57,61,60,Ugy-E2f5_cC42qJ-54h4AaABAg.AHBEhZL0BiOAHDe_VDvOC8,@premiumzv,UCyugQFdvdxNU56yov8Q9m5Q,O,sm,2025-04-22T14:34:15Z,2025-04-22 10:34:15,0,50667,624,703,"Wed, 17 Dec 2025 14:21:23 GMT"
hGuaDnqpot4,https://www.youtube.com/watch?v=hGuaDnqpot4,Ugy-E2f5_cC42qJ-54h4AaABAg,@YurTerra,UCL_SEnLQmqGeA30hKLTuafQ,We want the squid game teaser !!!,en,2025-04-21T16:00:57Z,2025-04-21 12:00:57,61,60,Ugy-E2f5_cC42qJ-54h4AaABAg.AHBEhZL0BiOAHDe_xii81z,@premiumzv,UCyugQFdvdxNU56yov8Q9m5Q,N,af,2025-04-22T14:34:19Z,2025-04-22 10:34:19,0,50667,624,703,"Wed, 17 Dec 2025 14:21:23 GMT"
hGuaDnqpot4,https://www.youtube.com/watch?v=hGuaDnqpot4,Ugy-E2f5_cC42qJ-54h4AaABAg,@YurTerra,UCL_SEnLQmqGeA30hKLTuafQ,We want the squid game teaser !!!,en,2025-04-21T16:00:57Z,2025-04-21 12:00:57,61,60,Ugy-E2f5_cC42qJ-54h4AaABAg.AHBEhZL0BiOAHDeaQwiFT2,@premiumzv,UCyugQFdvdxNU56yov8Q9m5Q,N,af,2025-04-22T14:34:23Z,2025-04-22 10:34:23,0,50667,624,703,"Wed, 17 Dec 2025 14:21:23 GMT"
hGuaDnqpot4,https://www.youtube.com/watch?v=hGuaDnqpot4,Ugy-E2f5_cC42qJ-54h4AaABAg,@YurTerra,UCL_SEnLQmqGeA30hKLTuafQ,We want the squid game teaser !!!,en,2025-04-21T16:00:57Z,2025-04-21 12:00:57,61,60,Ugy-E2f5_cC42qJ-54h4AaABAg.AHBEhZL0BiOAHDeatJHnc4,@premiumzv,UCyugQFdvdxNU56yov8Q9m5Q,N,af,2025-04-22T14:34:27Z,2025-04-22 10:34:27,0,50667,624,703,"Wed, 17 Dec 2025 14:21:23 GMT"
hGuaDnqpot4,https://www.youtube.com/watch?v=hGuaDnqpot4,Ugy-E2f5_cC42qJ-54h4AaABAg,@YurTerra,UCL_SEnLQmqGeA30hKLTuafQ,We want the squid game teaser !!!,en,2025-04-21T16:00:57Z,2025-04-21 12:00:57,61,60,Ugy-E2f5_cC42qJ-54h4AaABAg.AHBEhZL0BiOAHDebIYeLmL,@premiumzv,UCyugQFdvdxNU56yov8Q9m5Q,N,af,2025-04-22T14:34:30Z,2025-04-22 10:34:30,0,50667,624,703,"Wed, 17 Dec 2025 14:21:23 GMT"
hGuaDnqpot4,https://www.youtube.com/watch?v=hGuaDnqpot4,Ugy-E2f5_cC42qJ-54h4AaABAg,@YurTerra,UCL_SEnLQmqGeA30hKLTuafQ,We want the squid game teaser !!!,en,2025-04-21T16:00:57Z,2025-04-21 12:00:57,61,60,Ugy-E2f5_cC42qJ-54h4AaABAg.AHBEhZL0BiOAHDebjiZ68J,@premiumzv,UCyugQFdvdxNU56yov8Q9m5Q,N,af,2025-04-22T14:34:33Z,2025-04-22 10:34:33,0,50667,624,703,"Wed, 17 Dec 2025 14:21:23 GMT"
hGuaDnqpot4,https://www.youtube.com/watch?v=hGuaDnqpot4,Ugy-E2f5_cC42qJ-54h4AaABAg,@YurTerra,UCL_SEnLQmqGeA30hKLTuafQ,We want the squid game teaser !!!,en,2025-04-21T16:00:57Z,2025-04-21 12:00:57,61,60,Ugy-E2f5_cC42qJ-54h4AaABAg.AHBEhZL0BiOAHDec8CQpd1,@premiumzv,UCyugQFdvdxNU56yov8Q9m5Q,E,NA,2025-04-22T14:34:37Z,2025-04-22 10:34:37,0,50667,624,703,"Wed, 17 Dec 2025 14:21:23 GMT"
hGuaDnqpot4,https://www.youtube.com/watch?v=hGuaDnqpot4,Ugy-E2f5_cC42qJ-54h4AaABAg,@YurTerra,UCL_SEnLQmqGeA30hKLTuafQ,We want the squid game teaser !!!,en,2025-04-21T16:00:57Z,2025-04-21 12:00:57,61,60,Ugy-E2f5_cC42qJ-54h4AaABAg.AHBEhZL0BiOAHDecXKvNKz,@premiumzv,UCyugQFdvdxNU56yov8Q9m5Q,E,NA,2025-04-22T14:34:40Z,2025-04-22 10:34:40,0,50667,624,703,"Wed, 17 Dec 2025 14:21:23 GMT"
hGuaDnqpot4,https://www.youtube.com/watch?v=hGuaDnqpot4,Ugy-E2f5_cC42qJ-54h4AaABAg,@YurTerra,UCL_SEnLQmqGeA30hKLTuafQ,We want the squid game teaser !!!,en,2025-04-21T16:00:57Z,2025-04-21 12:00:57,61,60,Ugy-E2f5_cC42qJ-54h4AaABAg.AHBEhZL0BiOAHDed-FPAqy,@premiumzv,UCyugQFdvdxNU56yov8Q9m5Q,E,NA,2025-04-22T14:34:44Z,2025-04-22 10:34:44,0,50667,624,703,"Wed, 17 Dec 2025 14:21:23 GMT"
hGuaDnqpot4,https://www.youtube.com/watch?v=hGuaDnqpot4,Ugy-E2f5_cC42qJ-54h4AaABAg,@YurTerra,UCL_SEnLQmqGeA30hKLTuafQ,We want the squid game teaser !!!,en,2025-04-21T16:00:57Z,2025-04-21 12:00:57,61,60,Ugy-E2f5_cC42qJ-54h4AaABAg.AHBEhZL0BiOAHDedPQ9muK,@premiumzv,UCyugQFdvdxNU56yov8Q9m5Q,E,NA,2025-04-22T14:34:47Z,2025-04-22 10:34:47,0,50667,624,703,"Wed, 17 Dec 2025 14:21:23 GMT"
hGuaDnqpot4,https://www.youtube.com/watch?v=hGuaDnqpot4,Ugy-E2f5_cC42qJ-54h4AaABAg,@YurTerra,UCL_SEnLQmqGeA30hKLTuafQ,We want the squid game teaser !!!,en,2025-04-21T16:00:57Z,2025-04-21 12:00:57,61,60,Ugy-E2f5_cC42qJ-54h4AaABAg.AHBEhZL0BiOAHDedyNZ8De,@premiumzv,UCyugQFdvdxNU56yov8Q9m5Q,E,NA,2025-04-22T14:34:52Z,2025-04-22 10:34:52,0,50667,624,703,"Wed, 17 Dec 2025 14:21:23 GMT"
hGuaDnqpot4,https://www.youtube.com/watch?v=hGuaDnqpot4,Ugy-E2f5_cC42qJ-54h4AaABAg,@YurTerra,UCL_SEnLQmqGeA30hKLTuafQ,We want the squid game teaser !!!,en,2025-04-21T16:00:57Z,2025-04-21 12:00:57,61,60,Ugy-E2f5_cC42qJ-54h4AaABAg.AHBEhZL0BiOAHDef3Fjb40,@premiumzv,UCyugQFdvdxNU56yov8Q9m5Q,......,ja,2025-04-22T14:35:01Z,2025-04-22 10:35:01,0,50667,624,703,"Wed, 17 Dec 2025 14:21:23 GMT"
hGuaDnqpot4,https://www.youtube.com/watch?v=hGuaDnqpot4,Ugy-E2f5_cC42qJ-54h4AaABAg,@YurTerra,UCL_SEnLQmqGeA30hKLTuafQ,We want the squid game teaser !!!,en,2025-04-21T16:00:57Z,2025-04-21 12:00:57,61,60,Ugy-E2f5_cC42qJ-54h4AaABAg.AHBEhZL0BiOAHDefaG1KbA,@premiumzv,UCyugQFdvdxNU56yov8Q9m5Q,M,la,2025-04-22T14:35:05Z,2025-04-22 10:35:05,0,50667,624,703,"Wed, 17 Dec 2025 14:21:23 GMT"
hGuaDnqpot4,https://www.youtube.com/watch?v=hGuaDnqpot4,Ugy-E2f5_cC42qJ-54h4AaABAg,@YurTerra,UCL_SEnLQmqGeA30hKLTuafQ,We want the squid game teaser !!!,en,2025-04-21T16:00:57Z,2025-04-21 12:00:57,61,60,Ugy-E2f5_cC42qJ-54h4AaABAg.AHBEhZL0BiOAHDeg5FH_G1,@premiumzv,UCyugQFdvdxNU56yov8Q9m5Q,M,la,2025-04-22T14:35:09Z,2025-04-22 10:35:09,0,50667,624,703,"Wed, 17 Dec 2025 14:21:23 GMT"
hGuaDnqpot4,https://www.youtube.com/watch?v=hGuaDnqpot4,Ugy-E2f5_cC42qJ-54h4AaABAg,@YurTerra,UCL_SEnLQmqGeA30hKLTuafQ,We want the squid game teaser !!!,en,2025-04-21T16:00:57Z,2025-04-21 12:00:57,61,60,Ugy-E2f5_cC42qJ-54h4AaABAg.AHBEhZL0BiOAHDegUCfi6Z,@premiumzv,UCyugQFdvdxNU56yov8Q9m5Q,M,la,2025-04-22T14:35:12Z,2025-04-22 10:35:12,0,50667,624,703,"Wed, 17 Dec 2025 14:21:23 GMT"
hGuaDnqpot4,https://www.youtube.com/watch?v=hGuaDnqpot4,Ugy-E2f5_cC42qJ-54h4AaABAg,@YurTerra,UCL_SEnLQmqGeA30hKLTuafQ,We want the squid game teaser !!!,en,2025-04-21T16:00:57Z,2025-04-21 12:00:57,61,60,Ugy-E2f5_cC42qJ-54h4AaABAg.AHBEhZL0BiOAHDegr8JtMd,@premiumzv,UCyugQFdvdxNU56yov8Q9m5Q,M,la,2025-04-22T14:35:15Z,2025-04-22 10:35:15,0,50667,624,703,"Wed, 17 Dec 2025 14:21:23 GMT"
hGuaDnqpot4,https://www.youtube.com/watch?v=hGuaDnqpot4,Ugy-E2f5_cC42qJ-54h4AaABAg,@YurTerra,UCL_SEnLQmqGeA30hKLTuafQ,We want the squid game teaser !!!,en,2025-04-21T16:00:57Z,2025-04-21 12:00:57,61,60,Ugy-E2f5_cC42qJ-54h4AaABAg.AHBEhZL0BiOAHDehHMhiQK,@premiumzv,UCyugQFdvdxNU56yov8Q9m5Q,M,la,2025-04-22T14:35:19Z,2025-04-22 10:35:19,0,50667,624,703,"Wed, 17 Dec 2025 14:21:23 GMT"
hGuaDnqpot4,https://www.youtube.com/watch?v=hGuaDnqpot4,Ugy-E2f5_cC42qJ-54h4AaABAg,@YurTerra,UCL_SEnLQmqGeA30hKLTuafQ,We want the squid game teaser !!!,en,2025-04-21T16:00:57Z,2025-04-21 12:00:57,61,60,Ugy-E2f5_cC42qJ-54h4AaABAg.AHBEhZL0BiOAHDehgxeZcM,@premiumzv,UCyugQFdvdxNU56yov8Q9m5Q,O,sm,2025-04-22T14:35:22Z,2025-04-22 10:35:22,0,50667,624,703,"Wed, 17 Dec 2025 14:21:23 GMT"
hGuaDnqpot4,https://www.youtube.com/watch?v=hGuaDnqpot4,Ugy-E2f5_cC42qJ-54h4AaABAg,@YurTerra,UCL_SEnLQmqGeA30hKLTuafQ,We want the squid game teaser !!!,en,2025-04-21T16:00:57Z,2025-04-21 12:00:57,61,60,Ugy-E2f5_cC42qJ-54h4AaABAg.AHBEhZL0BiOAHDei6DHios,@premiumzv,UCyugQFdvdxNU56yov8Q9m5Q,O,sm,2025-04-22T14:35:26Z,2025-04-22 10:35:26,0,50667,624,703,"Wed, 17 Dec 2025 14:21:23 GMT"
hGuaDnqpot4,https://www.youtube.com/watch?v=hGuaDnqpot4,Ugy-E2f5_cC42qJ-54h4AaABAg,@YurTerra,UCL_SEnLQmqGeA30hKLTuafQ,We want the squid game teaser !!!,en,2025-04-21T16:00:57Z,2025-04-21 12:00:57,61,60,Ugy-E2f5_cC42qJ-54h4AaABAg.AHBEhZL0BiOAHDeiVToIPL,@premiumzv,UCyugQFdvdxNU56yov8Q9m5Q,O,sm,2025-04-22T14:35:29Z,2025-04-22 10:35:29,0,50667,624,703,"Wed, 17 Dec 2025 14:21:23 GMT"
hGuaDnqpot4,https://www.youtube.com/watch?v=hGuaDnqpot4,Ugy-E2f5_cC42qJ-54h4AaABAg,@YurTerra,UCL_SEnLQmqGeA30hKLTuafQ,We want the squid game teaser !!!,en,2025-04-21T16:00:57Z,2025-04-21 12:00:57,61,60,Ugy-E2f5_cC42qJ-54h4AaABAg.AHBEhZL0BiOAHDeisoxGLH,@premiumzv,UCyugQFdvdxNU56yov8Q9m5Q,O,sm,2025-04-22T14:35:32Z,2025-04-22 10:35:32,0,50667,624,703,"Wed, 17 Dec 2025 14:21:23 GMT"
hGuaDnqpot4,https://www.youtube.com/watch?v=hGuaDnqpot4,Ugy-E2f5_cC42qJ-54h4AaABAg,@YurTerra,UCL_SEnLQmqGeA30hKLTuafQ,We want the squid game teaser !!!,en,2025-04-21T16:00:57Z,2025-04-21 12:00:57,61,60,Ugy-E2f5_cC42qJ-54h4AaABAg.AHBEhZL0BiOAHDejM0W7Wv,@premiumzv,UCyugQFdvdxNU56yov8Q9m5Q,O,sm,2025-04-22T14:35:36Z,2025-04-22 10:35:36,0,50667,624,703,"Wed, 17 Dec 2025 14:21:23 GMT"
hGuaDnqpot4,https://www.youtube.com/watch?v=hGuaDnqpot4,Ugy-E2f5_cC42qJ-54h4AaABAg,@YurTerra,UCL_SEnLQmqGeA30hKLTuafQ,We want the squid game teaser !!!,en,2025-04-21T16:00:57Z,2025-04-21 12:00:57,61,60,Ugy-E2f5_cC42qJ-54h4AaABAg.AHBEhZL0BiOAHDejifowV2,@premiumzv,UCyugQFdvdxNU56yov8Q9m5Q,R,cy,2025-04-22T14:35:39Z,2025-04-22 10:35:39,0,50667,624,703,"Wed, 17 Dec 2025 14:21:23 GMT"
hGuaDnqpot4,https://www.youtube.com/watch?v=hGuaDnqpot4,Ugy-E2f5_cC42qJ-54h4AaABAg,@YurTerra,UCL_SEnLQmqGeA30hKLTuafQ,We want the squid game teaser !!!,en,2025-04-21T16:00:57Z,2025-04-21 12:00:57,61,60,Ugy-E2f5_cC42qJ-54h4AaABAg.AHBEhZL0BiOAHDek4F7GrJ,@premiumzv,UCyugQFdvdxNU56yov8Q9m5Q,R,cy,2025-04-22T14:35:42Z,2025-04-22 10:35:42,0,50667,624,703,"Wed, 17 Dec 2025 14:21:23 GMT"
hGuaDnqpot4,https://www.youtube.com/watch?v=hGuaDnqpot4,Ugy-E2f5_cC42qJ-54h4AaABAg,@YurTerra,UCL_SEnLQmqGeA30hKLTuafQ,We want the squid game teaser !!!,en,2025-04-21T16:00:57Z,2025-04-21 12:00:57,61,60,Ugy-E2f5_cC42qJ-54h4AaABAg.AHBEhZL0BiOAHDekUbA_l2,@premiumzv,UCyugQFdvdxNU56yov8Q9m5Q,R,cy,2025-04-22T14:35:45Z,2025-04-22 10:35:45,0,50667,624,703,"Wed, 17 Dec 2025 14:21:23 GMT"
hGuaDnqpot4,https://www.youtube.com/watch?v=hGuaDnqpot4,Ugy-E2f5_cC42qJ-54h4AaABAg,@YurTerra,UCL_SEnLQmqGeA30hKLTuafQ,We want the squid game teaser !!!,en,2025-04-21T16:00:57Z,2025-04-21 12:00:57,61,60,Ugy-E2f5_cC42qJ-54h4AaABAg.AHBEhZL0BiOAHDekuwNziV,@premiumzv,UCyugQFdvdxNU56yov8Q9m5Q,R,cy,2025-04-22T14:35:49Z,2025-04-22 10:35:49,0,50667,624,703,"Wed, 17 Dec 2025 14:21:23 GMT"
hGuaDnqpot4,https://www.youtube.com/watch?v=hGuaDnqpot4,Ugy-E2f5_cC42qJ-54h4AaABAg,@YurTerra,UCL_SEnLQmqGeA30hKLTuafQ,We want the squid game teaser !!!,en,2025-04-21T16:00:57Z,2025-04-21 12:00:57,61,60,Ugy-E2f5_cC42qJ-54h4AaABAg.AHBEhZL0BiOAHDelOW909g,@premiumzv,UCyugQFdvdxNU56yov8Q9m5Q,R,cy,2025-04-22T14:35:53Z,2025-04-22 10:35:53,0,50667,624,703,"Wed, 17 Dec 2025 14:21:23 GMT"
hGuaDnqpot4,https://www.youtube.com/watch?v=hGuaDnqpot4,Ugy-E2f5_cC42qJ-54h4AaABAg,@YurTerra,UCL_SEnLQmqGeA30hKLTuafQ,We want the squid game teaser !!!,en,2025-04-21T16:00:57Z,2025-04-21 12:00:57,61,60,Ugy-E2f5_cC42qJ-54h4AaABAg.AHBEhZL0BiOAHDelpcQ3q0,@premiumzv,UCyugQFdvdxNU56yov8Q9m5Q,E,NA,2025-04-22T14:35:56Z,2025-04-22 10:35:56,0,50667,624,703,"Wed, 17 Dec 2025 14:21:23 GMT"
hGuaDnqpot4,https://www.youtube.com/watch?v=hGuaDnqpot4,Ugy-E2f5_cC42qJ-54h4AaABAg,@YurTerra,UCL_SEnLQmqGeA30hKLTuafQ,We want the squid game teaser !!!,en,2025-04-21T16:00:57Z,2025-04-21 12:00:57,61,60,Ugy-E2f5_cC42qJ-54h4AaABAg.AHBEhZL0BiOAHDemEYEzZ1,@premiumzv,UCyugQFdvdxNU56yov8Q9m5Q,E,NA,2025-04-22T14:35:59Z,2025-04-22 10:35:59,0,50667,624,703,"Wed, 17 Dec 2025 14:21:23 GMT"
hGuaDnqpot4,https://www.youtube.com/watch?v=hGuaDnqpot4,Ugy-E2f5_cC42qJ-54h4AaABAg,@YurTerra,UCL_SEnLQmqGeA30hKLTuafQ,We want the squid game teaser !!!,en,2025-04-21T16:00:57Z,2025-04-21 12:00:57,61,60,Ugy-E2f5_cC42qJ-54h4AaABAg.AHBEhZL0BiOAHDeme4gw8r,@premiumzv,UCyugQFdvdxNU56yov8Q9m5Q,E,NA,2025-04-22T14:36:03Z,2025-04-22 10:36:03,0,50667,624,703,"Wed, 17 Dec 2025 14:21:23 GMT"
hGuaDnqpot4,https://www.youtube.com/watch?v=hGuaDnqpot4,Ugy-E2f5_cC42qJ-54h4AaABAg,@YurTerra,UCL_SEnLQmqGeA30hKLTuafQ,We want the squid game teaser !!!,en,2025-04-21T16:00:57Z,2025-04-21 12:00:57,61,60,Ugy-E2f5_cC42qJ-54h4AaABAg.AHBEhZL0BiOAHDen5gOxl7,@premiumzv,UCyugQFdvdxNU56yov8Q9m5Q,E,NA,2025-04-22T14:36:07Z,2025-04-22 10:36:07,0,50667,624,703,"Wed, 17 Dec 2025 14:21:23 GMT"
hGuaDnqpot4,https://www.youtube.com/watch?v=hGuaDnqpot4,Ugy-E2f5_cC42qJ-54h4AaABAg,@YurTerra,UCL_SEnLQmqGeA30hKLTuafQ,We want the squid game teaser !!!,en,2025-04-21T16:00:57Z,2025-04-21 12:00:57,61,60,Ugy-E2f5_cC42qJ-54h4AaABAg.AHBEhZL0BiOAHDenWzsb-4,@premiumzv,UCyugQFdvdxNU56yov8Q9m5Q,E,NA,2025-04-22T14:36:10Z,2025-04-22 10:36:10,0,50667,624,703,"Wed, 17 Dec 2025 14:21:23 GMT"
hGuaDnqpot4,https://www.youtube.com/watch?v=hGuaDnqpot4,Ugy-E2f5_cC42qJ-54h4AaABAg,@YurTerra,UCL_SEnLQmqGeA30hKLTuafQ,We want the squid game teaser !!!,en,2025-04-21T16:00:57Z,2025-04-21 12:00:57,61,60,Ugy-E2f5_cC42qJ-54h4AaABAg.AHBEhZL0BiOAHDeo5sMVYH,@premiumzv,UCyugQFdvdxNU56yov8Q9m5Q,...,ja,2025-04-22T14:36:15Z,2025-04-22 10:36:15,0,50667,624,703,"Wed, 17 Dec 2025 14:21:23 GMT"
hGuaDnqpot4,https://www.youtube.com/watch?v=hGuaDnqpot4,Ugy-E2f5_cC42qJ-54h4AaABAg,@YurTerra,UCL_SEnLQmqGeA30hKLTuafQ,We want the squid game teaser !!!,en,2025-04-21T16:00:57Z,2025-04-21 12:00:57,61,60,Ugy-E2f5_cC42qJ-54h4AaABAg.AHBEhZL0BiOAHDepOrpONG,@premiumzv,UCyugQFdvdxNU56yov8Q9m5Q,T,la,2025-04-22T14:36:25Z,2025-04-22 10:36:25,0,50667,624,703,"Wed, 17 Dec 2025 14:21:23 GMT"
hGuaDnqpot4,https://www.youtube.com/watch?v=hGuaDnqpot4,Ugy-E2f5_cC42qJ-54h4AaABAg,@YurTerra,UCL_SEnLQmqGeA30hKLTuafQ,We want the squid game teaser !!!,en,2025-04-21T16:00:57Z,2025-04-21 12:00:57,61,60,Ugy-E2f5_cC42qJ-54h4AaABAg.AHBEhZL0BiOAHDepqSTrgD,@premiumzv,UCyugQFdvdxNU56yov8Q9m5Q,T,la,2025-04-22T14:36:29Z,2025-04-22 10:36:29,0,50667,624,703,"Wed, 17 Dec 2025 14:21:23 GMT"
hGuaDnqpot4,https://www.youtube.com/watch?v=hGuaDnqpot4,Ugy-E2f5_cC42qJ-54h4AaABAg,@YurTerra,UCL_SEnLQmqGeA30hKLTuafQ,We want the squid game teaser !!!,en,2025-04-21T16:00:57Z,2025-04-21 12:00:57,61,60,Ugy-E2f5_cC42qJ-54h4AaABAg.AHBEhZL0BiOAHDeqKzpHgq,@premiumzv,UCyugQFdvdxNU56yov8Q9m5Q,T,la,2025-04-22T14:36:33Z,2025-04-22 10:36:33,0,50667,624,703,"Wed, 17 Dec 2025 14:21:23 GMT"
hGuaDnqpot4,https://www.youtube.com/watch?v=hGuaDnqpot4,Ugy-E2f5_cC42qJ-54h4AaABAg,@YurTerra,UCL_SEnLQmqGeA30hKLTuafQ,We want the squid game teaser !!!,en,2025-04-21T16:00:57Z,2025-04-21 12:00:57,61,60,Ugy-E2f5_cC42qJ-54h4AaABAg.AHBEhZL0BiOAHDeqm-mqIC,@premiumzv,UCyugQFdvdxNU56yov8Q9m5Q,T,la,2025-04-22T14:36:37Z,2025-04-22 10:36:37,0,50667,624,703,"Wed, 17 Dec 2025 14:21:23 GMT"
hGuaDnqpot4,https://www.youtube.com/watch?v=hGuaDnqpot4,Ugy-E2f5_cC42qJ-54h4AaABAg,@YurTerra,UCL_SEnLQmqGeA30hKLTuafQ,We want the squid game teaser !!!,en,2025-04-21T16:00:57Z,2025-04-21 12:00:57,61,60,Ugy-E2f5_cC42qJ-54h4AaABAg.AHBEhZL0BiOAHDerWcvehy,@premiumzv,UCyugQFdvdxNU56yov8Q9m5Q,T,la,2025-04-22T14:36:43Z,2025-04-22 10:36:43,0,50667,624,703,"Wed, 17 Dec 2025 14:21:23 GMT"
hGuaDnqpot4,https://www.youtube.com/watch?v=hGuaDnqpot4,Ugy-E2f5_cC42qJ-54h4AaABAg,@YurTerra,UCL_SEnLQmqGeA30hKLTuafQ,We want the squid game teaser !!!,en,2025-04-21T16:00:57Z,2025-04-21 12:00:57,61,60,Ugy-E2f5_cC42qJ-54h4AaABAg.AHBEhZL0BiOAHDes-WJfA9,@premiumzv,UCyugQFdvdxNU56yov8Q9m5Q,E,NA,2025-04-22T14:36:47Z,2025-04-22 10:36:47,0,50667,624,703,"Wed, 17 Dec 2025 14:21:23 GMT"
hGuaDnqpot4,https://www.youtube.com/watch?v=hGuaDnqpot4,Ugy-E2f5_cC42qJ-54h4AaABAg,@YurTerra,UCL_SEnLQmqGeA30hKLTuafQ,We want the squid game teaser !!!,en,2025-04-21T16:00:57Z,2025-04-21 12:00:57,61,60,Ugy-E2f5_cC42qJ-54h4AaABAg.AHBEhZL0BiOAHDesc_yVya,@premiumzv,UCyugQFdvdxNU56yov8Q9m5Q,E,NA,2025-04-22T14:36:52Z,2025-04-22 10:36:52,0,50667,624,703,"Wed, 17 Dec 2025 14:21:23 GMT"
hGuaDnqpot4,https://www.youtube.com/watch?v=hGuaDnqpot4,Ugy-E2f5_cC42qJ-54h4AaABAg,@YurTerra,UCL_SEnLQmqGeA30hKLTuafQ,We want the squid game teaser !!!,en,2025-04-21T16:00:57Z,2025-04-21 12:00:57,61,60,Ugy-E2f5_cC42qJ-54h4AaABAg.AHBEhZL0BiOAHDet5mvTlh,@premiumzv,UCyugQFdvdxNU56yov8Q9m5Q,E,NA,2025-04-22T14:36:56Z,2025-04-22 10:36:56,0,50667,624,703,"Wed, 17 Dec 2025 14:21:23 GMT"
hGuaDnqpot4,https://www.youtube.com/watch?v=hGuaDnqpot4,Ugy-E2f5_cC42qJ-54h4AaABAg,@YurTerra,UCL_SEnLQmqGeA30hKLTuafQ,We want the squid game teaser !!!,en,2025-04-21T16:00:57Z,2025-04-21 12:00:57,61,60,Ugy-E2f5_cC42qJ-54h4AaABAg.AHBEhZL0BiOAHDetb89zIr,@premiumzv,UCyugQFdvdxNU56yov8Q9m5Q,E,NA,2025-04-22T14:37:00Z,2025-04-22 10:37:00,0,50667,624,703,"Wed, 17 Dec 2025 14:21:23 GMT"
hGuaDnqpot4,https://www.youtube.com/watch?v=hGuaDnqpot4,Ugy-E2f5_cC42qJ-54h4AaABAg,@YurTerra,UCL_SEnLQmqGeA30hKLTuafQ,We want the squid game teaser !!!,en,2025-04-21T16:00:57Z,2025-04-21 12:00:57,61,60,Ugy-E2f5_cC42qJ-54h4AaABAg.AHBEhZL0BiOAHDeu14VJ4q,@premiumzv,UCyugQFdvdxNU56yov8Q9m5Q,E,NA,2025-04-22T14:37:03Z,2025-04-22 10:37:03,0,50667,624,703,"Wed, 17 Dec 2025 14:21:23 GMT"
hGuaDnqpot4,https://www.youtube.com/watch?v=hGuaDnqpot4,Ugy-E2f5_cC42qJ-54h4AaABAg,@YurTerra,UCL_SEnLQmqGeA30hKLTuafQ,We want the squid game teaser !!!,en,2025-04-21T16:00:57Z,2025-04-21 12:00:57,61,60,Ugy-E2f5_cC42qJ-54h4AaABAg.AHBEhZL0BiOAHDeuucib-I,@premiumzv,UCyugQFdvdxNU56yov8Q9m5Q,A,lb,2025-04-22T14:37:11Z,2025-04-22 10:37:11,0,50667,624,703,"Wed, 17 Dec 2025 14:21:23 GMT"
hGuaDnqpot4,https://www.youtube.com/watch?v=hGuaDnqpot4,Ugy-E2f5_cC42qJ-54h4AaABAg,@YurTerra,UCL_SEnLQmqGeA30hKLTuafQ,We want the squid game teaser !!!,en,2025-04-21T16:00:57Z,2025-04-21 12:00:57,61,60,Ugy-E2f5_cC42qJ-54h4AaABAg.AHBEhZL0BiOAHDevKZFG4X,@premiumzv,UCyugQFdvdxNU56yov8Q9m5Q,A,lb,2025-04-22T14:37:14Z,2025-04-22 10:37:14,0,50667,624,703,"Wed, 17 Dec 2025 14:21:23 GMT"
hGuaDnqpot4,https://www.youtube.com/watch?v=hGuaDnqpot4,Ugy-E2f5_cC42qJ-54h4AaABAg,@YurTerra,UCL_SEnLQmqGeA30hKLTuafQ,We want the squid game teaser !!!,en,2025-04-21T16:00:57Z,2025-04-21 12:00:57,61,60,Ugy-E2f5_cC42qJ-54h4AaABAg.AHBEhZL0BiOAHDevkGPzNT,@premiumzv,UCyugQFdvdxNU56yov8Q9m5Q,A,lb,2025-04-22T14:37:17Z,2025-04-22 10:37:17,0,50667,624,703,"Wed, 17 Dec 2025 14:21:23 GMT"
hGuaDnqpot4,https://www.youtube.com/watch?v=hGuaDnqpot4,Ugy-E2f5_cC42qJ-54h4AaABAg,@YurTerra,UCL_SEnLQmqGeA30hKLTuafQ,We want the squid game teaser !!!,en,2025-04-21T16:00:57Z,2025-04-21 12:00:57,61,60,Ugy-E2f5_cC42qJ-54h4AaABAg.AHBEhZL0BiOAHDewJyQTNZ,@premiumzv,UCyugQFdvdxNU56yov8Q9m5Q,A,lb,2025-04-22T14:37:22Z,2025-04-22 10:37:22,0,50667,624,703,"Wed, 17 Dec 2025 14:21:23 GMT"
hGuaDnqpot4,https://www.youtube.com/watch?v=hGuaDnqpot4,Ugy-E2f5_cC42qJ-54h4AaABAg,@YurTerra,UCL_SEnLQmqGeA30hKLTuafQ,We want the squid game teaser !!!,en,2025-04-21T16:00:57Z,2025-04-21 12:00:57,61,60,Ugy-E2f5_cC42qJ-54h4AaABAg.AHBEhZL0BiOAHDewoCNgiV,@premiumzv,UCyugQFdvdxNU56yov8Q9m5Q,A,lb,2025-04-22T14:37:26Z,2025-04-22 10:37:26,0,50667,624,703,"Wed, 17 Dec 2025 14:21:23 GMT"
hGuaDnqpot4,https://www.youtube.com/watch?v=hGuaDnqpot4,Ugy-E2f5_cC42qJ-54h4AaABAg,@YurTerra,UCL_SEnLQmqGeA30hKLTuafQ,We want the squid game teaser !!!,en,2025-04-21T16:00:57Z,2025-04-21 12:00:57,61,60,Ugy-E2f5_cC42qJ-54h4AaABAg.AHBEhZL0BiOAHDexGU-A-7,@premiumzv,UCyugQFdvdxNU56yov8Q9m5Q,R,cy,2025-04-22T14:37:30Z,2025-04-22 10:37:30,0,50667,624,703,"Wed, 17 Dec 2025 14:21:23 GMT"
hGuaDnqpot4,https://www.youtube.com/watch?v=hGuaDnqpot4,Ugy-E2f5_cC42qJ-54h4AaABAg,@YurTerra,UCL_SEnLQmqGeA30hKLTuafQ,We want the squid game teaser !!!,en,2025-04-21T16:00:57Z,2025-04-21 12:00:57,61,60,Ugy-E2f5_cC42qJ-54h4AaABAg.AHBEhZL0BiOAHDexhQttdW,@premiumzv,UCyugQFdvdxNU56yov8Q9m5Q,R,cy,2025-04-22T14:37:33Z,2025-04-22 10:37:33,0,50667,624,703,"Wed, 17 Dec 2025 14:21:23 GMT"
hGuaDnqpot4,https://www.youtube.com/watch?v=hGuaDnqpot4,Ugy-E2f5_cC42qJ-54h4AaABAg,@YurTerra,UCL_SEnLQmqGeA30hKLTuafQ,We want the squid game teaser !!!,en,2025-04-21T16:00:57Z,2025-04-21 12:00:57,61,60,Ugy-E2f5_cC42qJ-54h4AaABAg.AHBEhZL0BiOAHDeyB6KgON,@premiumzv,UCyugQFdvdxNU56yov8Q9m5Q,R,cy,2025-04-22T14:37:37Z,2025-04-22 10:37:37,0,50667,624,703,"Wed, 17 Dec 2025 14:21:23 GMT"
hGuaDnqpot4,https://www.youtube.com/watch?v=hGuaDnqpot4,Ugy-E2f5_cC42qJ-54h4AaABAg,@YurTerra,UCL_SEnLQmqGeA30hKLTuafQ,We want the squid game teaser !!!,en,2025-04-21T16:00:57Z,2025-04-21 12:00:57,61,60,Ugy-E2f5_cC42qJ-54h4AaABAg.AHBEhZL0BiOAHDeybnvDm4,@premiumzv,UCyugQFdvdxNU56yov8Q9m5Q,R,cy,2025-04-22T14:37:41Z,2025-04-22 10:37:41,0,50667,624,703,"Wed, 17 Dec 2025 14:21:23 GMT"
hGuaDnqpot4,https://www.youtube.com/watch?v=hGuaDnqpot4,Ugy-E2f5_cC42qJ-54h4AaABAg,@YurTerra,UCL_SEnLQmqGeA30hKLTuafQ,We want the squid game teaser !!!,en,2025-04-21T16:00:57Z,2025-04-21 12:00:57,61,60,Ugy-E2f5_cC42qJ-54h4AaABAg.AHBEhZL0BiOAHDez7xnuy0,@premiumzv,UCyugQFdvdxNU56yov8Q9m5Q,R,cy,2025-04-22T14:37:45Z,2025-04-22 10:37:45,0,50667,624,703,"Wed, 17 Dec 2025 14:21:23 GMT"
hGuaDnqpot4,https://www.youtube.com/watch?v=hGuaDnqpot4,Ugy-E2f5_cC42qJ-54h4AaABAg,@YurTerra,UCL_SEnLQmqGeA30hKLTuafQ,We want the squid game teaser !!!,en,2025-04-21T16:00:57Z,2025-04-21 12:00:57,61,60,Ugy-E2f5_cC42qJ-54h4AaABAg.AHBEhZL0BiOAHDf-QXQE68,@premiumzv,UCyugQFdvdxNU56yov8Q9m5Q,ONE MORE TEASERRRR🎉🎉🎉🎉🎉,NA,2025-04-22T14:37:56Z,2025-04-22 10:37:56,0,50667,624,703,"Wed, 17 Dec 2025 14:21:23 GMT"
hGuaDnqpot4,https://www.youtube.com/watch?v=hGuaDnqpot4,UgxFkR4fWbYRuI69w7t4AaABAg,@FrancyTTTV,UCQC64IYVu3jf8chh-_z6DNw,NETFLIX WTF IS THIS WE WANT SQUID GAME TEASER,en,2025-04-21T16:00:49Z,2025-04-21 12:00:49,140,95,UgxFkR4fWbYRuI69w7t4AaABAg.AHBEgeoVUdKAHBGdGhZTji,@premiumzv,UCyugQFdvdxNU56yov8Q9m5Q,ONE MORE TEASER ONE MOR TEASER ONE MORE ONE MORE TEASER ONE MOR TEASER ONE MORE  TEASER ONE MORE TEASER ONE MORE TEASER ONE MORE TEASER ONE MORE TEASER ONE MORE TEASER ON MORE TEASER ONE MORE ONE MORE TEASER ONE MOR TEASER ONE MORE ONE MORE TEASER ONE MOR TEASER ONE MORE  TEASER ONE MORE TEASER ONE MORE TEASER ONE MORE TEASER ONE MORE TEASER ONE MORE TEASER ON MORE TEASER ONE MORE ONE MORE TEASER ONE MOR TEASER ONE MORE ONE MORE TEASER ONE MOR TEASER ONE MORE  TEASER ONE MORE TEASER ONE MORE TEASER ONE MORE TEASER ONE MORE TEASER ONE MORE TEASER ON MORE TEASER ONE MORE ONE MORE TEASER ONE MOR TEASER ONE MORE ONE MORE TEASER ONE MOR TEASER ONE MORE  TEASER ONE MORE TEASER ONE MORE TEASER ONE MORE TEASER ONE MORE TEASER ONE MORE TEASER ON MORE TEASER ONE MORE ONE MORE TEASER ONE MOR TEASER ONE MORE ONE MORE TEASER ONE MOR TEASER ONE MORE  TEASER ONE MORE TEASER ONE MORE TEASER ONE MORE TEASER ONE MORE TEASER ONE MORE TEASER ON MORE TEASER ONE MORE ONE MORE TEASER ONE MOR TEASER ONE MORE ONE MORE TEASER ONE MOR TEASER ONE MORE  TEASER ONE MORE TEASER ONE MORE TEASER ONE MORE TEASER ONE MORE TEASER ONE MORE TEASER ON MORE TEASER ONE MORE TEASER,ja,2025-04-21T16:17:50Z,2025-04-21 12:17:50,0,50667,624,703,"Wed, 17 Dec 2025 14:21:23 GMT"
hGuaDnqpot4,https://www.youtube.com/watch?v=hGuaDnqpot4,UgxFkR4fWbYRuI69w7t4AaABAg,@FrancyTTTV,UCQC64IYVu3jf8chh-_z6DNw,NETFLIX WTF IS THIS WE WANT SQUID GAME TEASER,en,2025-04-21T16:00:49Z,2025-04-21 12:00:49,140,95,UgxFkR4fWbYRuI69w7t4AaABAg.AHBEgeoVUdKAHBiJaoicuc,@3l00l3X,UCanmkaO-1Fzgl7QlB4o3K8g,YEESSSSSSSSSS,nl,2025-04-21T20:28:25Z,2025-04-21 16:28:25,1,50667,624,703,"Wed, 17 Dec 2025 14:21:23 GMT"
hGuaDnqpot4,https://www.youtube.com/watch?v=hGuaDnqpot4,UgxFkR4fWbYRuI69w7t4AaABAg,@FrancyTTTV,UCQC64IYVu3jf8chh-_z6DNw,NETFLIX WTF IS THIS WE WANT SQUID GAME TEASER,en,2025-04-21T16:00:49Z,2025-04-21 12:00:49,140,95,UgxFkR4fWbYRuI69w7t4AaABAg.AHBEgeoVUdKAHBlcW2T2Ls,@RaN_dOm_666,UCLSwwiKcHaJmHAx2oU075Zg,"He'd better release the trailer than teaser, but saaamee",NA,2025-04-21T20:57:21Z,2025-04-21 16:57:21,4,50667,624,703,"Wed, 17 Dec 2025 14:21:23 GMT"
hGuaDnqpot4,https://www.youtube.com/watch?v=hGuaDnqpot4,UgxFkR4fWbYRuI69w7t4AaABAg,@FrancyTTTV,UCQC64IYVu3jf8chh-_z6DNw,NETFLIX WTF IS THIS WE WANT SQUID GAME TEASER,en,2025-04-21T16:00:49Z,2025-04-21 12:00:49,140,95,UgxFkR4fWbYRuI69w7t4AaABAg.AHBEgeoVUdKAHBlzdjjdSy,@3l00l3X,UCanmkaO-1Fzgl7QlB4o3K8g,"@ teaser trailer, whatever JUST GIVE US SOMETHING TO WATCH",en,2025-04-21T21:00:31Z,2025-04-21 17:00:31,1,50667,624,703,"Wed, 17 Dec 2025 14:21:23 GMT"
hGuaDnqpot4,https://www.youtube.com/watch?v=hGuaDnqpot4,UgxFkR4fWbYRuI69w7t4AaABAg,@FrancyTTTV,UCQC64IYVu3jf8chh-_z6DNw,NETFLIX WTF IS THIS WE WANT SQUID GAME TEASER,en,2025-04-21T16:00:49Z,2025-04-21 12:00:49,140,95,UgxFkR4fWbYRuI69w7t4AaABAg.AHBEgeoVUdKAHBpqx9f_ho,@viniciusbragajordao2415,UCIoVN3IOIS3Ss9QYLKMnsCw,Tease,ga,2025-04-21T21:34:17Z,2025-04-21 17:34:17,1,50667,624,703,"Wed, 17 Dec 2025 14:21:23 GMT"
hGuaDnqpot4,https://www.youtube.com/watch?v=hGuaDnqpot4,UgxFkR4fWbYRuI69w7t4AaABAg,@FrancyTTTV,UCQC64IYVu3jf8chh-_z6DNw,NETFLIX WTF IS THIS WE WANT SQUID GAME TEASER,en,2025-04-21T16:00:49Z,2025-04-21 12:00:49,140,95,UgxFkR4fWbYRuI69w7t4AaABAg.AHBEgeoVUdKAHBprYCNKSC,@viniciusbragajordao2415,UCIoVN3IOIS3Ss9QYLKMnsCw,Teaser,no,2025-04-21T21:34:21Z,2025-04-21 17:34:21,1,50667,624,703,"Wed, 17 Dec 2025 14:21:23 GMT"
hGuaDnqpot4,https://www.youtube.com/watch?v=hGuaDnqpot4,UgxFkR4fWbYRuI69w7t4AaABAg,@FrancyTTTV,UCQC64IYVu3jf8chh-_z6DNw,NETFLIX WTF IS THIS WE WANT SQUID GAME TEASER,en,2025-04-21T16:00:49Z,2025-04-21 12:00:49,140,95,UgxFkR4fWbYRuI69w7t4AaABAg.AHBEgeoVUdKAHBps2HzIXD,@viniciusbragajordao2415,UCIoVN3IOIS3Ss9QYLKMnsCw,Teaser,no,2025-04-21T21:34:25Z,2025-04-21 17:34:25,0,50667,624,703,"Wed, 17 Dec 2025 14:21:23 GMT"
hGuaDnqpot4,https://www.youtube.com/watch?v=hGuaDnqpot4,UgxFkR4fWbYRuI69w7t4AaABAg,@FrancyTTTV,UCQC64IYVu3jf8chh-_z6DNw,NETFLIX WTF IS THIS WE WANT SQUID GAME TEASER,en,2025-04-21T16:00:49Z,2025-04-21 12:00:49,140,95,UgxFkR4fWbYRuI69w7t4AaABAg.AHBEgeoVUdKAHBpsWvqvEi,@viniciusbragajordao2415,UCIoVN3IOIS3Ss9QYLKMnsCw,Teaser,no,2025-04-21T21:34:29Z,2025-04-21 17:34:29,0,50667,624,703,"Wed, 17 Dec 2025 14:21:23 GMT"
hGuaDnqpot4,https://www.youtube.com/watch?v=hGuaDnqpot4,UgxFkR4fWbYRuI69w7t4AaABAg,@FrancyTTTV,UCQC64IYVu3jf8chh-_z6DNw,NETFLIX WTF IS THIS WE WANT SQUID GAME TEASER,en,2025-04-21T16:00:49Z,2025-04-21 12:00:49,140,95,UgxFkR4fWbYRuI69w7t4AaABAg.AHBEgeoVUdKAHBpt5LKZrR,@viniciusbragajordao2415,UCIoVN3IOIS3Ss9QYLKMnsCw,Teaser,no,2025-04-21T21:34:34Z,2025-04-21 17:34:34,0,50667,624,703,"Wed, 17 Dec 2025 14:21:23 GMT"
hGuaDnqpot4,https://www.youtube.com/watch?v=hGuaDnqpot4,UgxFkR4fWbYRuI69w7t4AaABAg,@FrancyTTTV,UCQC64IYVu3jf8chh-_z6DNw,NETFLIX WTF IS THIS WE WANT SQUID GAME TEASER,en,2025-04-21T16:00:49Z,2025-04-21 12:00:49,140,95,UgxFkR4fWbYRuI69w7t4AaABAg.AHBEgeoVUdKAHBptZ3FfgH,@viniciusbragajordao2415,UCIoVN3IOIS3Ss9QYLKMnsCw,Teasee,ga,2025-04-21T21:34:38Z,2025-04-21 17:34:38,0,50667,624,703,"Wed, 17 Dec 2025 14:21:23 GMT"
hGuaDnqpot4,https://www.youtube.com/watch?v=hGuaDnqpot4,UgxFkR4fWbYRuI69w7t4AaABAg,@FrancyTTTV,UCQC64IYVu3jf8chh-_z6DNw,NETFLIX WTF IS THIS WE WANT SQUID GAME TEASER,en,2025-04-21T16:00:49Z,2025-04-21 12:00:49,140,95,UgxFkR4fWbYRuI69w7t4AaABAg.AHBEgeoVUdKAHBpxODGtbS,@viniciusbragajordao2415,UCIoVN3IOIS3Ss9QYLKMnsCw,Teaee,et,2025-04-21T21:35:09Z,2025-04-21 17:35:09,0,50667,624,703,"Wed, 17 Dec 2025 14:21:23 GMT"
hGuaDnqpot4,https://www.youtube.com/watch?v=hGuaDnqpot4,UgxFkR4fWbYRuI69w7t4AaABAg,@FrancyTTTV,UCQC64IYVu3jf8chh-_z6DNw,NETFLIX WTF IS THIS WE WANT SQUID GAME TEASER,en,2025-04-21T16:00:49Z,2025-04-21 12:00:49,140,95,UgxFkR4fWbYRuI69w7t4AaABAg.AHBEgeoVUdKAHBpxfbY0oM,@viniciusbragajordao2415,UCIoVN3IOIS3Ss9QYLKMnsCw,F,mt,2025-04-21T21:35:12Z,2025-04-21 17:35:12,0,50667,624,703,"Wed, 17 Dec 2025 14:21:23 GMT"
hGuaDnqpot4,https://www.youtube.com/watch?v=hGuaDnqpot4,UgxFkR4fWbYRuI69w7t4AaABAg,@FrancyTTTV,UCQC64IYVu3jf8chh-_z6DNw,NETFLIX WTF IS THIS WE WANT SQUID GAME TEASER,en,2025-04-21T16:00:49Z,2025-04-21 12:00:49,140,95,UgxFkR4fWbYRuI69w7t4AaABAg.AHBEgeoVUdKAHBpxxuYtPA,@viniciusbragajordao2415,UCIoVN3IOIS3Ss9QYLKMnsCw,C,la,2025-04-21T21:35:14Z,2025-04-21 17:35:14,0,50667,624,703,"Wed, 17 Dec 2025 14:21:23 GMT"
hGuaDnqpot4,https://www.youtube.com/watch?v=hGuaDnqpot4,UgxFkR4fWbYRuI69w7t4AaABAg,@FrancyTTTV,UCQC64IYVu3jf8chh-_z6DNw,NETFLIX WTF IS THIS WE WANT SQUID GAME TEASER,en,2025-04-21T16:00:49Z,2025-04-21 12:00:49,140,95,UgxFkR4fWbYRuI69w7t4AaABAg.AHBEgeoVUdKAHBpyGw630q,@viniciusbragajordao2415,UCIoVN3IOIS3Ss9QYLKMnsCw,F,mt,2025-04-21T21:35:16Z,2025-04-21 17:35:16,0,50667,624,703,"Wed, 17 Dec 2025 14:21:23 GMT"
hGuaDnqpot4,https://www.youtube.com/watch?v=hGuaDnqpot4,UgxFkR4fWbYRuI69w7t4AaABAg,@FrancyTTTV,UCQC64IYVu3jf8chh-_z6DNw,NETFLIX WTF IS THIS WE WANT SQUID GAME TEASER,en,2025-04-21T16:00:49Z,2025-04-21 12:00:49,140,95,UgxFkR4fWbYRuI69w7t4AaABAg.AHBEgeoVUdKAHBpy_9WYOs,@viniciusbragajordao2415,UCIoVN3IOIS3Ss9QYLKMnsCw,D,ca,2025-04-21T21:35:19Z,2025-04-21 17:35:19,0,50667,624,703,"Wed, 17 Dec 2025 14:21:23 GMT"
hGuaDnqpot4,https://www.youtube.com/watch?v=hGuaDnqpot4,UgxFkR4fWbYRuI69w7t4AaABAg,@FrancyTTTV,UCQC64IYVu3jf8chh-_z6DNw,NETFLIX WTF IS THIS WE WANT SQUID GAME TEASER,en,2025-04-21T16:00:49Z,2025-04-21 12:00:49,140,95,UgxFkR4fWbYRuI69w7t4AaABAg.AHBEgeoVUdKAHBpyriDpGh,@viniciusbragajordao2415,UCIoVN3IOIS3Ss9QYLKMnsCw,G,zh,2025-04-21T21:35:21Z,2025-04-21 17:35:21,0,50667,624,703,"Wed, 17 Dec 2025 14:21:23 GMT"
hGuaDnqpot4,https://www.youtube.com/watch?v=hGuaDnqpot4,UgxFkR4fWbYRuI69w7t4AaABAg,@FrancyTTTV,UCQC64IYVu3jf8chh-_z6DNw,NETFLIX WTF IS THIS WE WANT SQUID GAME TEASER,en,2025-04-21T16:00:49Z,2025-04-21 12:00:49,140,95,UgxFkR4fWbYRuI69w7t4AaABAg.AHBEgeoVUdKAHBpzBLr7bM,@viniciusbragajordao2415,UCIoVN3IOIS3Ss9QYLKMnsCw,G,zh,2025-04-21T21:35:24Z,2025-04-21 17:35:24,0,50667,624,703,"Wed, 17 Dec 2025 14:21:23 GMT"
hGuaDnqpot4,https://www.youtube.com/watch?v=hGuaDnqpot4,UgxFkR4fWbYRuI69w7t4AaABAg,@FrancyTTTV,UCQC64IYVu3jf8chh-_z6DNw,NETFLIX WTF IS THIS WE WANT SQUID GAME TEASER,en,2025-04-21T16:00:49Z,2025-04-21 12:00:49,140,95,UgxFkR4fWbYRuI69w7t4AaABAg.AHBEgeoVUdKAHBpzSrhyBA,@viniciusbragajordao2415,UCIoVN3IOIS3Ss9QYLKMnsCw,G,zh,2025-04-21T21:35:26Z,2025-04-21 17:35:26,0,50667,624,703,"Wed, 17 Dec 2025 14:21:23 GMT"
hGuaDnqpot4,https://www.youtube.com/watch?v=hGuaDnqpot4,UgxFkR4fWbYRuI69w7t4AaABAg,@FrancyTTTV,UCQC64IYVu3jf8chh-_z6DNw,NETFLIX WTF IS THIS WE WANT SQUID GAME TEASER,en,2025-04-21T16:00:49Z,2025-04-21 12:00:49,140,95,UgxFkR4fWbYRuI69w7t4AaABAg.AHBEgeoVUdKAHBpzkHDRCO,@viniciusbragajordao2415,UCIoVN3IOIS3Ss9QYLKMnsCw,Y,es,2025-04-21T21:35:29Z,2025-04-21 17:35:29,0,50667,624,703,"Wed, 17 Dec 2025 14:21:23 GMT"
hGuaDnqpot4,https://www.youtube.com/watch?v=hGuaDnqpot4,UgxFkR4fWbYRuI69w7t4AaABAg,@FrancyTTTV,UCQC64IYVu3jf8chh-_z6DNw,NETFLIX WTF IS THIS WE WANT SQUID GAME TEASER,en,2025-04-21T16:00:49Z,2025-04-21 12:00:49,140,95,UgxFkR4fWbYRuI69w7t4AaABAg.AHBEgeoVUdKAHBq-2-7r-E,@viniciusbragajordao2415,UCIoVN3IOIS3Ss9QYLKMnsCw,G,zh,2025-04-21T21:35:31Z,2025-04-21 17:35:31,0,50667,624,703,"Wed, 17 Dec 2025 14:21:23 GMT"
hGuaDnqpot4,https://www.youtube.com/watch?v=hGuaDnqpot4,UgxFkR4fWbYRuI69w7t4AaABAg,@FrancyTTTV,UCQC64IYVu3jf8chh-_z6DNw,NETFLIX WTF IS THIS WE WANT SQUID GAME TEASER,en,2025-04-21T16:00:49Z,2025-04-21 12:00:49,140,95,UgxFkR4fWbYRuI69w7t4AaABAg.AHBEgeoVUdKAHBq-JswlDZ,@viniciusbragajordao2415,UCIoVN3IOIS3Ss9QYLKMnsCw,G,zh,2025-04-21T21:35:33Z,2025-04-21 17:35:33,0,50667,624,703,"Wed, 17 Dec 2025 14:21:23 GMT"
hGuaDnqpot4,https://www.youtube.com/watch?v=hGuaDnqpot4,UgxFkR4fWbYRuI69w7t4AaABAg,@FrancyTTTV,UCQC64IYVu3jf8chh-_z6DNw,NETFLIX WTF IS THIS WE WANT SQUID GAME TEASER,en,2025-04-21T16:00:49Z,2025-04-21 12:00:49,140,95,UgxFkR4fWbYRuI69w7t4AaABAg.AHBEgeoVUdKAHBq-b2DeZY,@viniciusbragajordao2415,UCIoVN3IOIS3Ss9QYLKMnsCw,G,zh,2025-04-21T21:35:36Z,2025-04-21 17:35:36,0,50667,624,703,"Wed, 17 Dec 2025 14:21:23 GMT"
hGuaDnqpot4,https://www.youtube.com/watch?v=hGuaDnqpot4,UgxFkR4fWbYRuI69w7t4AaABAg,@FrancyTTTV,UCQC64IYVu3jf8chh-_z6DNw,NETFLIX WTF IS THIS WE WANT SQUID GAME TEASER,en,2025-04-21T16:00:49Z,2025-04-21 12:00:49,140,95,UgxFkR4fWbYRuI69w7t4AaABAg.AHBEgeoVUdKAHBq-tUpFCd,@viniciusbragajordao2415,UCIoVN3IOIS3Ss9QYLKMnsCw,G,zh,2025-04-21T21:35:38Z,2025-04-21 17:35:38,0,50667,624,703,"Wed, 17 Dec 2025 14:21:23 GMT"
hGuaDnqpot4,https://www.youtube.com/watch?v=hGuaDnqpot4,UgxFkR4fWbYRuI69w7t4AaABAg,@FrancyTTTV,UCQC64IYVu3jf8chh-_z6DNw,NETFLIX WTF IS THIS WE WANT SQUID GAME TEASER,en,2025-04-21T16:00:49Z,2025-04-21 12:00:49,140,95,UgxFkR4fWbYRuI69w7t4AaABAg.AHBEgeoVUdKAHBq09i3Bx4,@viniciusbragajordao2415,UCIoVN3IOIS3Ss9QYLKMnsCw,G,zh,2025-04-21T21:35:40Z,2025-04-21 17:35:40,0,50667,624,703,"Wed, 17 Dec 2025 14:21:23 GMT"
hGuaDnqpot4,https://www.youtube.com/watch?v=hGuaDnqpot4,UgxFkR4fWbYRuI69w7t4AaABAg,@FrancyTTTV,UCQC64IYVu3jf8chh-_z6DNw,NETFLIX WTF IS THIS WE WANT SQUID GAME TEASER,en,2025-04-21T16:00:49Z,2025-04-21 12:00:49,140,95,UgxFkR4fWbYRuI69w7t4AaABAg.AHBEgeoVUdKAHBq0RKk398,@viniciusbragajordao2415,UCIoVN3IOIS3Ss9QYLKMnsCw,G,zh,2025-04-21T21:35:42Z,2025-04-21 17:35:42,0,50667,624,703,"Wed, 17 Dec 2025 14:21:23 GMT"
hGuaDnqpot4,https://www.youtube.com/watch?v=hGuaDnqpot4,UgxFkR4fWbYRuI69w7t4AaABAg,@FrancyTTTV,UCQC64IYVu3jf8chh-_z6DNw,NETFLIX WTF IS THIS WE WANT SQUID GAME TEASER,en,2025-04-21T16:00:49Z,2025-04-21 12:00:49,140,95,UgxFkR4fWbYRuI69w7t4AaABAg.AHBEgeoVUdKAHBq0mtdiuA,@viniciusbragajordao2415,UCIoVN3IOIS3Ss9QYLKMnsCw,Y,es,2025-04-21T21:35:45Z,2025-04-21 17:35:45,0,50667,624,703,"Wed, 17 Dec 2025 14:21:23 GMT"
hGuaDnqpot4,https://www.youtube.com/watch?v=hGuaDnqpot4,UgxFkR4fWbYRuI69w7t4AaABAg,@FrancyTTTV,UCQC64IYVu3jf8chh-_z6DNw,NETFLIX WTF IS THIS WE WANT SQUID GAME TEASER,en,2025-04-21T16:00:49Z,2025-04-21 12:00:49,140,95,UgxFkR4fWbYRuI69w7t4AaABAg.AHBEgeoVUdKAHBq12s6jT_,@viniciusbragajordao2415,UCIoVN3IOIS3Ss9QYLKMnsCw,H,NA,2025-04-21T21:35:47Z,2025-04-21 17:35:47,0,50667,624,703,"Wed, 17 Dec 2025 14:21:23 GMT"
hGuaDnqpot4,https://www.youtube.com/watch?v=hGuaDnqpot4,UgxFkR4fWbYRuI69w7t4AaABAg,@FrancyTTTV,UCQC64IYVu3jf8chh-_z6DNw,NETFLIX WTF IS THIS WE WANT SQUID GAME TEASER,en,2025-04-21T16:00:49Z,2025-04-21 12:00:49,140,95,UgxFkR4fWbYRuI69w7t4AaABAg.AHBEgeoVUdKAHBq1JibrrE,@viniciusbragajordao2415,UCIoVN3IOIS3Ss9QYLKMnsCw,H,NA,2025-04-21T21:35:49Z,2025-04-21 17:35:49,0,50667,624,703,"Wed, 17 Dec 2025 14:21:23 GMT"
hGuaDnqpot4,https://www.youtube.com/watch?v=hGuaDnqpot4,UgxFkR4fWbYRuI69w7t4AaABAg,@FrancyTTTV,UCQC64IYVu3jf8chh-_z6DNw,NETFLIX WTF IS THIS WE WANT SQUID GAME TEASER,en,2025-04-21T16:00:49Z,2025-04-21 12:00:49,140,95,UgxFkR4fWbYRuI69w7t4AaABAg.AHBEgeoVUdKAHBq1Zw-1GI,@viniciusbragajordao2415,UCIoVN3IOIS3Ss9QYLKMnsCw,H,NA,2025-04-21T21:35:52Z,2025-04-21 17:35:52,0,50667,624,703,"Wed, 17 Dec 2025 14:21:23 GMT"
hGuaDnqpot4,https://www.youtube.com/watch?v=hGuaDnqpot4,UgxFkR4fWbYRuI69w7t4AaABAg,@FrancyTTTV,UCQC64IYVu3jf8chh-_z6DNw,NETFLIX WTF IS THIS WE WANT SQUID GAME TEASER,en,2025-04-21T16:00:49Z,2025-04-21 12:00:49,140,95,UgxFkR4fWbYRuI69w7t4AaABAg.AHBEgeoVUdKAHBq26NT9NE,@viniciusbragajordao2415,UCIoVN3IOIS3Ss9QYLKMnsCw,5f,mt,2025-04-21T21:35:56Z,2025-04-21 17:35:56,0,50667,624,703,"Wed, 17 Dec 2025 14:21:23 GMT"
hGuaDnqpot4,https://www.youtube.com/watch?v=hGuaDnqpot4,UgxFkR4fWbYRuI69w7t4AaABAg,@FrancyTTTV,UCQC64IYVu3jf8chh-_z6DNw,NETFLIX WTF IS THIS WE WANT SQUID GAME TEASER,en,2025-04-21T16:00:49Z,2025-04-21 12:00:49,140,95,UgxFkR4fWbYRuI69w7t4AaABAg.AHBEgeoVUdKAHBq2MvXXBy,@viniciusbragajordao2415,UCIoVN3IOIS3Ss9QYLKMnsCw,R,cy,2025-04-21T21:35:58Z,2025-04-21 17:35:58,0,50667,624,703,"Wed, 17 Dec 2025 14:21:23 GMT"
hGuaDnqpot4,https://www.youtube.com/watch?v=hGuaDnqpot4,UgxFkR4fWbYRuI69w7t4AaABAg,@FrancyTTTV,UCQC64IYVu3jf8chh-_z6DNw,NETFLIX WTF IS THIS WE WANT SQUID GAME TEASER,en,2025-04-21T16:00:49Z,2025-04-21 12:00:49,140,95,UgxFkR4fWbYRuI69w7t4AaABAg.AHBEgeoVUdKAHBq2fVF3-P,@viniciusbragajordao2415,UCIoVN3IOIS3Ss9QYLKMnsCw,X,uk,2025-04-21T21:36:01Z,2025-04-21 17:36:01,0,50667,624,703,"Wed, 17 Dec 2025 14:21:23 GMT"
hGuaDnqpot4,https://www.youtube.com/watch?v=hGuaDnqpot4,UgxFkR4fWbYRuI69w7t4AaABAg,@FrancyTTTV,UCQC64IYVu3jf8chh-_z6DNw,NETFLIX WTF IS THIS WE WANT SQUID GAME TEASER,en,2025-04-21T16:00:49Z,2025-04-21 12:00:49,140,95,UgxFkR4fWbYRuI69w7t4AaABAg.AHBEgeoVUdKAHBq2w_j8S2,@viniciusbragajordao2415,UCIoVN3IOIS3Ss9QYLKMnsCw,R,cy,2025-04-21T21:36:03Z,2025-04-21 17:36:03,0,50667,624,703,"Wed, 17 Dec 2025 14:21:23 GMT"
hGuaDnqpot4,https://www.youtube.com/watch?v=hGuaDnqpot4,UgxFkR4fWbYRuI69w7t4AaABAg,@FrancyTTTV,UCQC64IYVu3jf8chh-_z6DNw,NETFLIX WTF IS THIS WE WANT SQUID GAME TEASER,en,2025-04-21T16:00:49Z,2025-04-21 12:00:49,140,95,UgxFkR4fWbYRuI69w7t4AaABAg.AHBEgeoVUdKAHBq4_DEB1A,@viniciusbragajordao2415,UCIoVN3IOIS3Ss9QYLKMnsCw,H,NA,2025-04-21T21:36:16Z,2025-04-21 17:36:16,0,50667,624,703,"Wed, 17 Dec 2025 14:21:23 GMT"
hGuaDnqpot4,https://www.youtube.com/watch?v=hGuaDnqpot4,UgxFkR4fWbYRuI69w7t4AaABAg,@FrancyTTTV,UCQC64IYVu3jf8chh-_z6DNw,NETFLIX WTF IS THIS WE WANT SQUID GAME TEASER,en,2025-04-21T16:00:49Z,2025-04-21 12:00:49,140,95,UgxFkR4fWbYRuI69w7t4AaABAg.AHBEgeoVUdKAHBq4sEeC2E,@viniciusbragajordao2415,UCIoVN3IOIS3Ss9QYLKMnsCw,H,NA,2025-04-21T21:36:19Z,2025-04-21 17:36:19,0,50667,624,703,"Wed, 17 Dec 2025 14:21:23 GMT"
hGuaDnqpot4,https://www.youtube.com/watch?v=hGuaDnqpot4,UgxFkR4fWbYRuI69w7t4AaABAg,@FrancyTTTV,UCQC64IYVu3jf8chh-_z6DNw,NETFLIX WTF IS THIS WE WANT SQUID GAME TEASER,en,2025-04-21T16:00:49Z,2025-04-21 12:00:49,140,95,UgxFkR4fWbYRuI69w7t4AaABAg.AHBEgeoVUdKAHBq58JIbKn,@viniciusbragajordao2415,UCIoVN3IOIS3Ss9QYLKMnsCw,H,NA,2025-04-21T21:36:21Z,2025-04-21 17:36:21,0,50667,624,703,"Wed, 17 Dec 2025 14:21:23 GMT"
hGuaDnqpot4,https://www.youtube.com/watch?v=hGuaDnqpot4,UgxFkR4fWbYRuI69w7t4AaABAg,@FrancyTTTV,UCQC64IYVu3jf8chh-_z6DNw,NETFLIX WTF IS THIS WE WANT SQUID GAME TEASER,en,2025-04-21T16:00:49Z,2025-04-21 12:00:49,140,95,UgxFkR4fWbYRuI69w7t4AaABAg.AHBEgeoVUdKAHBq5PQTnCu,@viniciusbragajordao2415,UCIoVN3IOIS3Ss9QYLKMnsCw,H,NA,2025-04-21T21:36:23Z,2025-04-21 17:36:23,0,50667,624,703,"Wed, 17 Dec 2025 14:21:23 GMT"
hGuaDnqpot4,https://www.youtube.com/watch?v=hGuaDnqpot4,UgxFkR4fWbYRuI69w7t4AaABAg,@FrancyTTTV,UCQC64IYVu3jf8chh-_z6DNw,NETFLIX WTF IS THIS WE WANT SQUID GAME TEASER,en,2025-04-21T16:00:49Z,2025-04-21 12:00:49,140,95,UgxFkR4fWbYRuI69w7t4AaABAg.AHBEgeoVUdKAHBq5fLU9Oj,@viniciusbragajordao2415,UCIoVN3IOIS3Ss9QYLKMnsCw,G,zh,2025-04-21T21:36:25Z,2025-04-21 17:36:25,0,50667,624,703,"Wed, 17 Dec 2025 14:21:23 GMT"
hGuaDnqpot4,https://www.youtube.com/watch?v=hGuaDnqpot4,UgxFkR4fWbYRuI69w7t4AaABAg,@FrancyTTTV,UCQC64IYVu3jf8chh-_z6DNw,NETFLIX WTF IS THIS WE WANT SQUID GAME TEASER,en,2025-04-21T16:00:49Z,2025-04-21 12:00:49,140,95,UgxFkR4fWbYRuI69w7t4AaABAg.AHBEgeoVUdKAHBq5waNXSo,@viniciusbragajordao2415,UCIoVN3IOIS3Ss9QYLKMnsCw,G,zh,2025-04-21T21:36:27Z,2025-04-21 17:36:27,0,50667,624,703,"Wed, 17 Dec 2025 14:21:23 GMT"
hGuaDnqpot4,https://www.youtube.com/watch?v=hGuaDnqpot4,UgxFkR4fWbYRuI69w7t4AaABAg,@FrancyTTTV,UCQC64IYVu3jf8chh-_z6DNw,NETFLIX WTF IS THIS WE WANT SQUID GAME TEASER,en,2025-04-21T16:00:49Z,2025-04-21 12:00:49,140,95,UgxFkR4fWbYRuI69w7t4AaABAg.AHBEgeoVUdKAHBq6BWUJJM,@viniciusbragajordao2415,UCIoVN3IOIS3Ss9QYLKMnsCw,G,zh,2025-04-21T21:36:29Z,2025-04-21 17:36:29,0,50667,624,703,"Wed, 17 Dec 2025 14:21:23 GMT"
hGuaDnqpot4,https://www.youtube.com/watch?v=hGuaDnqpot4,UgxFkR4fWbYRuI69w7t4AaABAg,@FrancyTTTV,UCQC64IYVu3jf8chh-_z6DNw,NETFLIX WTF IS THIS WE WANT SQUID GAME TEASER,en,2025-04-21T16:00:49Z,2025-04-21 12:00:49,140,95,UgxFkR4fWbYRuI69w7t4AaABAg.AHBEgeoVUdKAHBq6SG3VOY,@viniciusbragajordao2415,UCIoVN3IOIS3Ss9QYLKMnsCw,G,zh,2025-04-21T21:36:32Z,2025-04-21 17:36:32,0,50667,624,703,"Wed, 17 Dec 2025 14:21:23 GMT"
hGuaDnqpot4,https://www.youtube.com/watch?v=hGuaDnqpot4,UgxFkR4fWbYRuI69w7t4AaABAg,@FrancyTTTV,UCQC64IYVu3jf8chh-_z6DNw,NETFLIX WTF IS THIS WE WANT SQUID GAME TEASER,en,2025-04-21T16:00:49Z,2025-04-21 12:00:49,140,95,UgxFkR4fWbYRuI69w7t4AaABAg.AHBEgeoVUdKAHBq6p9yzK5,@viniciusbragajordao2415,UCIoVN3IOIS3Ss9QYLKMnsCw,H,NA,2025-04-21T21:36:35Z,2025-04-21 17:36:35,0,50667,624,703,"Wed, 17 Dec 2025 14:21:23 GMT"
hGuaDnqpot4,https://www.youtube.com/watch?v=hGuaDnqpot4,UgxFkR4fWbYRuI69w7t4AaABAg,@FrancyTTTV,UCQC64IYVu3jf8chh-_z6DNw,NETFLIX WTF IS THIS WE WANT SQUID GAME TEASER,en,2025-04-21T16:00:49Z,2025-04-21 12:00:49,140,95,UgxFkR4fWbYRuI69w7t4AaABAg.AHBEgeoVUdKAHBq75PZ8Vl,@viniciusbragajordao2415,UCIoVN3IOIS3Ss9QYLKMnsCw,G,zh,2025-04-21T21:36:37Z,2025-04-21 17:36:37,0,50667,624,703,"Wed, 17 Dec 2025 14:21:23 GMT"
hGuaDnqpot4,https://www.youtube.com/watch?v=hGuaDnqpot4,UgxFkR4fWbYRuI69w7t4AaABAg,@FrancyTTTV,UCQC64IYVu3jf8chh-_z6DNw,NETFLIX WTF IS THIS WE WANT SQUID GAME TEASER,en,2025-04-21T16:00:49Z,2025-04-21 12:00:49,140,95,UgxFkR4fWbYRuI69w7t4AaABAg.AHBEgeoVUdKAHBq7LB5FKZ,@viniciusbragajordao2415,UCIoVN3IOIS3Ss9QYLKMnsCw,G,zh,2025-04-21T21:36:39Z,2025-04-21 17:36:39,0,50667,624,703,"Wed, 17 Dec 2025 14:21:23 GMT"
hGuaDnqpot4,https://www.youtube.com/watch?v=hGuaDnqpot4,UgxFkR4fWbYRuI69w7t4AaABAg,@FrancyTTTV,UCQC64IYVu3jf8chh-_z6DNw,NETFLIX WTF IS THIS WE WANT SQUID GAME TEASER,en,2025-04-21T16:00:49Z,2025-04-21 12:00:49,140,95,UgxFkR4fWbYRuI69w7t4AaABAg.AHBEgeoVUdKAHBq7at0xjQ,@viniciusbragajordao2415,UCIoVN3IOIS3Ss9QYLKMnsCw,G,zh,2025-04-21T21:36:41Z,2025-04-21 17:36:41,0,50667,624,703,"Wed, 17 Dec 2025 14:21:23 GMT"
hGuaDnqpot4,https://www.youtube.com/watch?v=hGuaDnqpot4,UgxFkR4fWbYRuI69w7t4AaABAg,@FrancyTTTV,UCQC64IYVu3jf8chh-_z6DNw,NETFLIX WTF IS THIS WE WANT SQUID GAME TEASER,en,2025-04-21T16:00:49Z,2025-04-21 12:00:49,140,95,UgxFkR4fWbYRuI69w7t4AaABAg.AHBEgeoVUdKAHBq7rQDbz9,@viniciusbragajordao2415,UCIoVN3IOIS3Ss9QYLKMnsCw,V,no,2025-04-21T21:36:43Z,2025-04-21 17:36:43,0,50667,624,703,"Wed, 17 Dec 2025 14:21:23 GMT"
hGuaDnqpot4,https://www.youtube.com/watch?v=hGuaDnqpot4,UgxFkR4fWbYRuI69w7t4AaABAg,@FrancyTTTV,UCQC64IYVu3jf8chh-_z6DNw,NETFLIX WTF IS THIS WE WANT SQUID GAME TEASER,en,2025-04-21T16:00:49Z,2025-04-21 12:00:49,140,95,UgxFkR4fWbYRuI69w7t4AaABAg.AHBEgeoVUdKAHBq8CGVd9f,@viniciusbragajordao2415,UCIoVN3IOIS3Ss9QYLKMnsCw,H,NA,2025-04-21T21:36:46Z,2025-04-21 17:36:46,0,50667,624,703,"Wed, 17 Dec 2025 14:21:23 GMT"
hGuaDnqpot4,https://www.youtube.com/watch?v=hGuaDnqpot4,UgxFkR4fWbYRuI69w7t4AaABAg,@FrancyTTTV,UCQC64IYVu3jf8chh-_z6DNw,NETFLIX WTF IS THIS WE WANT SQUID GAME TEASER,en,2025-04-21T16:00:49Z,2025-04-21 12:00:49,140,95,UgxFkR4fWbYRuI69w7t4AaABAg.AHBEgeoVUdKAHBq8Snd86W,@viniciusbragajordao2415,UCIoVN3IOIS3Ss9QYLKMnsCw,5,ja,2025-04-21T21:36:48Z,2025-04-21 17:36:48,0,50667,624,703,"Wed, 17 Dec 2025 14:21:23 GMT"
hGuaDnqpot4,https://www.youtube.com/watch?v=hGuaDnqpot4,UgxFkR4fWbYRuI69w7t4AaABAg,@FrancyTTTV,UCQC64IYVu3jf8chh-_z6DNw,NETFLIX WTF IS THIS WE WANT SQUID GAME TEASER,en,2025-04-21T16:00:49Z,2025-04-21 12:00:49,140,95,UgxFkR4fWbYRuI69w7t4AaABAg.AHBEgeoVUdKAHBq8mq-0t-,@viniciusbragajordao2415,UCIoVN3IOIS3Ss9QYLKMnsCw,G,zh,2025-04-21T21:36:51Z,2025-04-21 17:36:51,0,50667,624,703,"Wed, 17 Dec 2025 14:21:23 GMT"
hGuaDnqpot4,https://www.youtube.com/watch?v=hGuaDnqpot4,UgxFkR4fWbYRuI69w7t4AaABAg,@FrancyTTTV,UCQC64IYVu3jf8chh-_z6DNw,NETFLIX WTF IS THIS WE WANT SQUID GAME TEASER,en,2025-04-21T16:00:49Z,2025-04-21 12:00:49,140,95,UgxFkR4fWbYRuI69w7t4AaABAg.AHBEgeoVUdKAHBq93xsq8z,@viniciusbragajordao2415,UCIoVN3IOIS3Ss9QYLKMnsCw,G,zh,2025-04-21T21:36:53Z,2025-04-21 17:36:53,0,50667,624,703,"Wed, 17 Dec 2025 14:21:23 GMT"
hGuaDnqpot4,https://www.youtube.com/watch?v=hGuaDnqpot4,UgxFkR4fWbYRuI69w7t4AaABAg,@FrancyTTTV,UCQC64IYVu3jf8chh-_z6DNw,NETFLIX WTF IS THIS WE WANT SQUID GAME TEASER,en,2025-04-21T16:00:49Z,2025-04-21 12:00:49,140,95,UgxFkR4fWbYRuI69w7t4AaABAg.AHBEgeoVUdKAHBq9MAlcwb,@viniciusbragajordao2415,UCIoVN3IOIS3Ss9QYLKMnsCw,G,zh,2025-04-21T21:36:55Z,2025-04-21 17:36:55,0,50667,624,703,"Wed, 17 Dec 2025 14:21:23 GMT"
hGuaDnqpot4,https://www.youtube.com/watch?v=hGuaDnqpot4,UgxFkR4fWbYRuI69w7t4AaABAg,@FrancyTTTV,UCQC64IYVu3jf8chh-_z6DNw,NETFLIX WTF IS THIS WE WANT SQUID GAME TEASER,en,2025-04-21T16:00:49Z,2025-04-21 12:00:49,140,95,UgxFkR4fWbYRuI69w7t4AaABAg.AHBEgeoVUdKAHBq9k4VxHk,@viniciusbragajordao2415,UCIoVN3IOIS3Ss9QYLKMnsCw,G,zh,2025-04-21T21:36:59Z,2025-04-21 17:36:59,0,50667,624,703,"Wed, 17 Dec 2025 14:21:23 GMT"
hGuaDnqpot4,https://www.youtube.com/watch?v=hGuaDnqpot4,UgxFkR4fWbYRuI69w7t4AaABAg,@FrancyTTTV,UCQC64IYVu3jf8chh-_z6DNw,NETFLIX WTF IS THIS WE WANT SQUID GAME TEASER,en,2025-04-21T16:00:49Z,2025-04-21 12:00:49,140,95,UgxFkR4fWbYRuI69w7t4AaABAg.AHBEgeoVUdKAHBqA2pLvCM,@viniciusbragajordao2415,UCIoVN3IOIS3Ss9QYLKMnsCw,D,ca,2025-04-21T21:37:01Z,2025-04-21 17:37:01,0,50667,624,703,"Wed, 17 Dec 2025 14:21:23 GMT"
hGuaDnqpot4,https://www.youtube.com/watch?v=hGuaDnqpot4,UgxFkR4fWbYRuI69w7t4AaABAg,@FrancyTTTV,UCQC64IYVu3jf8chh-_z6DNw,NETFLIX WTF IS THIS WE WANT SQUID GAME TEASER,en,2025-04-21T16:00:49Z,2025-04-21 12:00:49,140,95,UgxFkR4fWbYRuI69w7t4AaABAg.AHBEgeoVUdKAHBqAJgMLiG,@viniciusbragajordao2415,UCIoVN3IOIS3Ss9QYLKMnsCw,G,zh,2025-04-21T21:37:03Z,2025-04-21 17:37:03,0,50667,624,703,"Wed, 17 Dec 2025 14:21:23 GMT"
hGuaDnqpot4,https://www.youtube.com/watch?v=hGuaDnqpot4,UgxFkR4fWbYRuI69w7t4AaABAg,@FrancyTTTV,UCQC64IYVu3jf8chh-_z6DNw,NETFLIX WTF IS THIS WE WANT SQUID GAME TEASER,en,2025-04-21T16:00:49Z,2025-04-21 12:00:49,140,95,UgxFkR4fWbYRuI69w7t4AaABAg.AHBEgeoVUdKAHBqAbPR5-p,@viniciusbragajordao2415,UCIoVN3IOIS3Ss9QYLKMnsCw,V,no,2025-04-21T21:37:06Z,2025-04-21 17:37:06,0,50667,624,703,"Wed, 17 Dec 2025 14:21:23 GMT"
hGuaDnqpot4,https://www.youtube.com/watch?v=hGuaDnqpot4,UgxFkR4fWbYRuI69w7t4AaABAg,@FrancyTTTV,UCQC64IYVu3jf8chh-_z6DNw,NETFLIX WTF IS THIS WE WANT SQUID GAME TEASER,en,2025-04-21T16:00:49Z,2025-04-21 12:00:49,140,95,UgxFkR4fWbYRuI69w7t4AaABAg.AHBEgeoVUdKAHBqAtKh8Jk,@viniciusbragajordao2415,UCIoVN3IOIS3Ss9QYLKMnsCw,G,zh,2025-04-21T21:37:08Z,2025-04-21 17:37:08,0,50667,624,703,"Wed, 17 Dec 2025 14:21:23 GMT"
hGuaDnqpot4,https://www.youtube.com/watch?v=hGuaDnqpot4,UgxFkR4fWbYRuI69w7t4AaABAg,@FrancyTTTV,UCQC64IYVu3jf8chh-_z6DNw,NETFLIX WTF IS THIS WE WANT SQUID GAME TEASER,en,2025-04-21T16:00:49Z,2025-04-21 12:00:49,140,95,UgxFkR4fWbYRuI69w7t4AaABAg.AHBEgeoVUdKAHBqB9kclOv,@viniciusbragajordao2415,UCIoVN3IOIS3Ss9QYLKMnsCw,G,zh,2025-04-21T21:37:10Z,2025-04-21 17:37:10,0,50667,624,703,"Wed, 17 Dec 2025 14:21:23 GMT"
hGuaDnqpot4,https://www.youtube.com/watch?v=hGuaDnqpot4,UgxFkR4fWbYRuI69w7t4AaABAg,@FrancyTTTV,UCQC64IYVu3jf8chh-_z6DNw,NETFLIX WTF IS THIS WE WANT SQUID GAME TEASER,en,2025-04-21T16:00:49Z,2025-04-21 12:00:49,140,95,UgxFkR4fWbYRuI69w7t4AaABAg.AHBEgeoVUdKAHBqBQVZPIF,@viniciusbragajordao2415,UCIoVN3IOIS3Ss9QYLKMnsCw,G,zh,2025-04-21T21:37:12Z,2025-04-21 17:37:12,0,50667,624,703,"Wed, 17 Dec 2025 14:21:23 GMT"
hGuaDnqpot4,https://www.youtube.com/watch?v=hGuaDnqpot4,UgxFkR4fWbYRuI69w7t4AaABAg,@FrancyTTTV,UCQC64IYVu3jf8chh-_z6DNw,NETFLIX WTF IS THIS WE WANT SQUID GAME TEASER,en,2025-04-21T16:00:49Z,2025-04-21 12:00:49,140,95,UgxFkR4fWbYRuI69w7t4AaABAg.AHBEgeoVUdKAHBqBhFSUhJ,@viniciusbragajordao2415,UCIoVN3IOIS3Ss9QYLKMnsCw,G,zh,2025-04-21T21:37:15Z,2025-04-21 17:37:15,0,50667,624,703,"Wed, 17 Dec 2025 14:21:23 GMT"
hGuaDnqpot4,https://www.youtube.com/watch?v=hGuaDnqpot4,UgxFkR4fWbYRuI69w7t4AaABAg,@FrancyTTTV,UCQC64IYVu3jf8chh-_z6DNw,NETFLIX WTF IS THIS WE WANT SQUID GAME TEASER,en,2025-04-21T16:00:49Z,2025-04-21 12:00:49,140,95,UgxFkR4fWbYRuI69w7t4AaABAg.AHBEgeoVUdKAHBqByuJzka,@viniciusbragajordao2415,UCIoVN3IOIS3Ss9QYLKMnsCw,G,zh,2025-04-21T21:37:17Z,2025-04-21 17:37:17,0,50667,624,703,"Wed, 17 Dec 2025 14:21:23 GMT"
hGuaDnqpot4,https://www.youtube.com/watch?v=hGuaDnqpot4,UgxFkR4fWbYRuI69w7t4AaABAg,@FrancyTTTV,UCQC64IYVu3jf8chh-_z6DNw,NETFLIX WTF IS THIS WE WANT SQUID GAME TEASER,en,2025-04-21T16:00:49Z,2025-04-21 12:00:49,140,95,UgxFkR4fWbYRuI69w7t4AaABAg.AHBEgeoVUdKAHBqCFWql1l,@viniciusbragajordao2415,UCIoVN3IOIS3Ss9QYLKMnsCw,G,zh,2025-04-21T21:37:19Z,2025-04-21 17:37:19,0,50667,624,703,"Wed, 17 Dec 2025 14:21:23 GMT"
hGuaDnqpot4,https://www.youtube.com/watch?v=hGuaDnqpot4,UgxFkR4fWbYRuI69w7t4AaABAg,@FrancyTTTV,UCQC64IYVu3jf8chh-_z6DNw,NETFLIX WTF IS THIS WE WANT SQUID GAME TEASER,en,2025-04-21T16:00:49Z,2025-04-21 12:00:49,140,95,UgxFkR4fWbYRuI69w7t4AaABAg.AHBEgeoVUdKAHBqCajcQ82,@viniciusbragajordao2415,UCIoVN3IOIS3Ss9QYLKMnsCw,G,zh,2025-04-21T21:37:22Z,2025-04-21 17:37:22,0,50667,624,703,"Wed, 17 Dec 2025 14:21:23 GMT"
hGuaDnqpot4,https://www.youtube.com/watch?v=hGuaDnqpot4,UgxFkR4fWbYRuI69w7t4AaABAg,@FrancyTTTV,UCQC64IYVu3jf8chh-_z6DNw,NETFLIX WTF IS THIS WE WANT SQUID GAME TEASER,en,2025-04-21T16:00:49Z,2025-04-21 12:00:49,140,95,UgxFkR4fWbYRuI69w7t4AaABAg.AHBEgeoVUdKAHBqCsupP2Q,@viniciusbragajordao2415,UCIoVN3IOIS3Ss9QYLKMnsCw,G,zh,2025-04-21T21:37:24Z,2025-04-21 17:37:24,0,50667,624,703,"Wed, 17 Dec 2025 14:21:23 GMT"
hGuaDnqpot4,https://www.youtube.com/watch?v=hGuaDnqpot4,UgxFkR4fWbYRuI69w7t4AaABAg,@FrancyTTTV,UCQC64IYVu3jf8chh-_z6DNw,NETFLIX WTF IS THIS WE WANT SQUID GAME TEASER,en,2025-04-21T16:00:49Z,2025-04-21 12:00:49,140,95,UgxFkR4fWbYRuI69w7t4AaABAg.AHBEgeoVUdKAHBqE5BQyRI,@viniciusbragajordao2415,UCIoVN3IOIS3Ss9QYLKMnsCw,F,mt,2025-04-21T21:37:34Z,2025-04-21 17:37:34,0,50667,624,703,"Wed, 17 Dec 2025 14:21:23 GMT"
hGuaDnqpot4,https://www.youtube.com/watch?v=hGuaDnqpot4,UgxFkR4fWbYRuI69w7t4AaABAg,@FrancyTTTV,UCQC64IYVu3jf8chh-_z6DNw,NETFLIX WTF IS THIS WE WANT SQUID GAME TEASER,en,2025-04-21T16:00:49Z,2025-04-21 12:00:49,140,95,UgxFkR4fWbYRuI69w7t4AaABAg.AHBEgeoVUdKAHBqEbjm7tl,@viniciusbragajordao2415,UCIoVN3IOIS3Ss9QYLKMnsCw,G,zh,2025-04-21T21:37:38Z,2025-04-21 17:37:38,0,50667,624,703,"Wed, 17 Dec 2025 14:21:23 GMT"
hGuaDnqpot4,https://www.youtube.com/watch?v=hGuaDnqpot4,UgxFkR4fWbYRuI69w7t4AaABAg,@FrancyTTTV,UCQC64IYVu3jf8chh-_z6DNw,NETFLIX WTF IS THIS WE WANT SQUID GAME TEASER,en,2025-04-21T16:00:49Z,2025-04-21 12:00:49,140,95,UgxFkR4fWbYRuI69w7t4AaABAg.AHBEgeoVUdKAHBqEthKzud,@viniciusbragajordao2415,UCIoVN3IOIS3Ss9QYLKMnsCw,F,mt,2025-04-21T21:37:41Z,2025-04-21 17:37:41,0,50667,624,703,"Wed, 17 Dec 2025 14:21:23 GMT"
hGuaDnqpot4,https://www.youtube.com/watch?v=hGuaDnqpot4,UgxFkR4fWbYRuI69w7t4AaABAg,@FrancyTTTV,UCQC64IYVu3jf8chh-_z6DNw,NETFLIX WTF IS THIS WE WANT SQUID GAME TEASER,en,2025-04-21T16:00:49Z,2025-04-21 12:00:49,140,95,UgxFkR4fWbYRuI69w7t4AaABAg.AHBEgeoVUdKAHBqFG2C_LY,@viniciusbragajordao2415,UCIoVN3IOIS3Ss9QYLKMnsCw,F,mt,2025-04-21T21:37:44Z,2025-04-21 17:37:44,0,50667,624,703,"Wed, 17 Dec 2025 14:21:23 GMT"
hGuaDnqpot4,https://www.youtube.com/watch?v=hGuaDnqpot4,UgxFkR4fWbYRuI69w7t4AaABAg,@FrancyTTTV,UCQC64IYVu3jf8chh-_z6DNw,NETFLIX WTF IS THIS WE WANT SQUID GAME TEASER,en,2025-04-21T16:00:49Z,2025-04-21 12:00:49,140,95,UgxFkR4fWbYRuI69w7t4AaABAg.AHBEgeoVUdKAHBqFW5ZE7o,@viniciusbragajordao2415,UCIoVN3IOIS3Ss9QYLKMnsCw,F,mt,2025-04-21T21:37:46Z,2025-04-21 17:37:46,0,50667,624,703,"Wed, 17 Dec 2025 14:21:23 GMT"
hGuaDnqpot4,https://www.youtube.com/watch?v=hGuaDnqpot4,UgxFkR4fWbYRuI69w7t4AaABAg,@FrancyTTTV,UCQC64IYVu3jf8chh-_z6DNw,NETFLIX WTF IS THIS WE WANT SQUID GAME TEASER,en,2025-04-21T16:00:49Z,2025-04-21 12:00:49,140,95,UgxFkR4fWbYRuI69w7t4AaABAg.AHBEgeoVUdKAHBqFmUwune,@viniciusbragajordao2415,UCIoVN3IOIS3Ss9QYLKMnsCw,F,mt,2025-04-21T21:37:48Z,2025-04-21 17:37:48,0,50667,624,703,"Wed, 17 Dec 2025 14:21:23 GMT"
hGuaDnqpot4,https://www.youtube.com/watch?v=hGuaDnqpot4,UgxFkR4fWbYRuI69w7t4AaABAg,@FrancyTTTV,UCQC64IYVu3jf8chh-_z6DNw,NETFLIX WTF IS THIS WE WANT SQUID GAME TEASER,en,2025-04-21T16:00:49Z,2025-04-21 12:00:49,140,95,UgxFkR4fWbYRuI69w7t4AaABAg.AHBEgeoVUdKAHBqG1jYGlg,@viniciusbragajordao2415,UCIoVN3IOIS3Ss9QYLKMnsCw,F,mt,2025-04-21T21:37:50Z,2025-04-21 17:37:50,0,50667,624,703,"Wed, 17 Dec 2025 14:21:23 GMT"
hGuaDnqpot4,https://www.youtube.com/watch?v=hGuaDnqpot4,UgxFkR4fWbYRuI69w7t4AaABAg,@FrancyTTTV,UCQC64IYVu3jf8chh-_z6DNw,NETFLIX WTF IS THIS WE WANT SQUID GAME TEASER,en,2025-04-21T16:00:49Z,2025-04-21 12:00:49,140,95,UgxFkR4fWbYRuI69w7t4AaABAg.AHBEgeoVUdKAHBqGHLfcRx,@viniciusbragajordao2415,UCIoVN3IOIS3Ss9QYLKMnsCw,F,mt,2025-04-21T21:37:52Z,2025-04-21 17:37:52,0,50667,624,703,"Wed, 17 Dec 2025 14:21:23 GMT"
hGuaDnqpot4,https://www.youtube.com/watch?v=hGuaDnqpot4,UgxFkR4fWbYRuI69w7t4AaABAg,@FrancyTTTV,UCQC64IYVu3jf8chh-_z6DNw,NETFLIX WTF IS THIS WE WANT SQUID GAME TEASER,en,2025-04-21T16:00:49Z,2025-04-21 12:00:49,140,95,UgxFkR4fWbYRuI69w7t4AaABAg.AHBEgeoVUdKAHBqGX2ysxX,@viniciusbragajordao2415,UCIoVN3IOIS3Ss9QYLKMnsCw,F,mt,2025-04-21T21:37:54Z,2025-04-21 17:37:54,0,50667,624,703,"Wed, 17 Dec 2025 14:21:23 GMT"
hGuaDnqpot4,https://www.youtube.com/watch?v=hGuaDnqpot4,UgxFkR4fWbYRuI69w7t4AaABAg,@FrancyTTTV,UCQC64IYVu3jf8chh-_z6DNw,NETFLIX WTF IS THIS WE WANT SQUID GAME TEASER,en,2025-04-21T16:00:49Z,2025-04-21 12:00:49,140,95,UgxFkR4fWbYRuI69w7t4AaABAg.AHBEgeoVUdKAHBqHBvF9I1,@viniciusbragajordao2415,UCIoVN3IOIS3Ss9QYLKMnsCw,V,no,2025-04-21T21:38:00Z,2025-04-21 17:38:00,0,50667,624,703,"Wed, 17 Dec 2025 14:21:23 GMT"
hGuaDnqpot4,https://www.youtube.com/watch?v=hGuaDnqpot4,UgxFkR4fWbYRuI69w7t4AaABAg,@FrancyTTTV,UCQC64IYVu3jf8chh-_z6DNw,NETFLIX WTF IS THIS WE WANT SQUID GAME TEASER,en,2025-04-21T16:00:49Z,2025-04-21 12:00:49,140,95,UgxFkR4fWbYRuI69w7t4AaABAg.AHBEgeoVUdKAHBqKzFbiHc,@viniciusbragajordao2415,UCIoVN3IOIS3Ss9QYLKMnsCw,Teaer,NA,2025-04-21T21:38:31Z,2025-04-21 17:38:31,0,50667,624,703,"Wed, 17 Dec 2025 14:21:23 GMT"
hGuaDnqpot4,https://www.youtube.com/watch?v=hGuaDnqpot4,UgxFkR4fWbYRuI69w7t4AaABAg,@FrancyTTTV,UCQC64IYVu3jf8chh-_z6DNw,NETFLIX WTF IS THIS WE WANT SQUID GAME TEASER,en,2025-04-21T16:00:49Z,2025-04-21 12:00:49,140,95,UgxFkR4fWbYRuI69w7t4AaABAg.AHBEgeoVUdKAHBqLJ3F7AM,@viniciusbragajordao2415,UCIoVN3IOIS3Ss9QYLKMnsCw,Gft,NA,2025-04-21T21:38:33Z,2025-04-21 17:38:33,0,50667,624,703,"Wed, 17 Dec 2025 14:21:23 GMT"
hGuaDnqpot4,https://www.youtube.com/watch?v=hGuaDnqpot4,UgxFkR4fWbYRuI69w7t4AaABAg,@FrancyTTTV,UCQC64IYVu3jf8chh-_z6DNw,NETFLIX WTF IS THIS WE WANT SQUID GAME TEASER,en,2025-04-21T16:00:49Z,2025-04-21 12:00:49,140,95,UgxFkR4fWbYRuI69w7t4AaABAg.AHBEgeoVUdKAHBqNC6C3tv,@viniciusbragajordao2415,UCIoVN3IOIS3Ss9QYLKMnsCw,C,la,2025-04-21T21:38:49Z,2025-04-21 17:38:49,0,50667,624,703,"Wed, 17 Dec 2025 14:21:23 GMT"
hGuaDnqpot4,https://www.youtube.com/watch?v=hGuaDnqpot4,UgxFkR4fWbYRuI69w7t4AaABAg,@FrancyTTTV,UCQC64IYVu3jf8chh-_z6DNw,NETFLIX WTF IS THIS WE WANT SQUID GAME TEASER,en,2025-04-21T16:00:49Z,2025-04-21 12:00:49,140,95,UgxFkR4fWbYRuI69w7t4AaABAg.AHBEgeoVUdKAHBqOPNyvu9,@viniciusbragajordao2415,UCIoVN3IOIS3Ss9QYLKMnsCw,​hhhh@3l00l3X,sq,2025-04-21T21:38:59Z,2025-04-21 17:38:59,0,50667,624,703,"Wed, 17 Dec 2025 14:21:23 GMT"
hGuaDnqpot4,https://www.youtube.com/watch?v=hGuaDnqpot4,UgxFkR4fWbYRuI69w7t4AaABAg,@FrancyTTTV,UCQC64IYVu3jf8chh-_z6DNw,NETFLIX WTF IS THIS WE WANT SQUID GAME TEASER,en,2025-04-21T16:00:49Z,2025-04-21 12:00:49,140,95,UgxFkR4fWbYRuI69w7t4AaABAg.AHBEgeoVUdKAHBqTHtD3ej,@viniciusbragajordao2415,UCIoVN3IOIS3Ss9QYLKMnsCw,V,no,2025-04-21T21:39:39Z,2025-04-21 17:39:39,0,50667,624,703,"Wed, 17 Dec 2025 14:21:23 GMT"
hGuaDnqpot4,https://www.youtube.com/watch?v=hGuaDnqpot4,UgxFkR4fWbYRuI69w7t4AaABAg,@FrancyTTTV,UCQC64IYVu3jf8chh-_z6DNw,NETFLIX WTF IS THIS WE WANT SQUID GAME TEASER,en,2025-04-21T16:00:49Z,2025-04-21 12:00:49,140,95,UgxFkR4fWbYRuI69w7t4AaABAg.AHBEgeoVUdKAHBqU0PuH9f,@viniciusbragajordao2415,UCIoVN3IOIS3Ss9QYLKMnsCw,0:20 nhjjj,no,2025-04-21T21:39:45Z,2025-04-21 17:39:45,0,50667,624,703,"Wed, 17 Dec 2025 14:21:23 GMT"
hGuaDnqpot4,https://www.youtube.com/watch?v=hGuaDnqpot4,UgxFkR4fWbYRuI69w7t4AaABAg,@FrancyTTTV,UCQC64IYVu3jf8chh-_z6DNw,NETFLIX WTF IS THIS WE WANT SQUID GAME TEASER,en,2025-04-21T16:00:49Z,2025-04-21 12:00:49,140,95,UgxFkR4fWbYRuI69w7t4AaABAg.AHBEgeoVUdKAHBqUJKAwq6,@viniciusbragajordao2415,UCIoVN3IOIS3Ss9QYLKMnsCw,F,mt,2025-04-21T21:39:47Z,2025-04-21 17:39:47,0,50667,624,703,"Wed, 17 Dec 2025 14:21:23 GMT"
hGuaDnqpot4,https://www.youtube.com/watch?v=hGuaDnqpot4,UgxFkR4fWbYRuI69w7t4AaABAg,@FrancyTTTV,UCQC64IYVu3jf8chh-_z6DNw,NETFLIX WTF IS THIS WE WANT SQUID GAME TEASER,en,2025-04-21T16:00:49Z,2025-04-21 12:00:49,140,95,UgxFkR4fWbYRuI69w7t4AaABAg.AHBEgeoVUdKAHBqVVF61ho,@viniciusbragajordao2415,UCIoVN3IOIS3Ss9QYLKMnsCw,0:456,ja,2025-04-21T21:39:57Z,2025-04-21 17:39:57,0,50667,624,703,"Wed, 17 Dec 2025 14:21:23 GMT"
hGuaDnqpot4,https://www.youtube.com/watch?v=hGuaDnqpot4,UgxFkR4fWbYRuI69w7t4AaABAg,@FrancyTTTV,UCQC64IYVu3jf8chh-_z6DNw,NETFLIX WTF IS THIS WE WANT SQUID GAME TEASER,en,2025-04-21T16:00:49Z,2025-04-21 12:00:49,140,95,UgxFkR4fWbYRuI69w7t4AaABAg.AHBEgeoVUdKAHBqXI6c6fy,@viniciusbragajordao2415,UCIoVN3IOIS3Ss9QYLKMnsCw,Gh78,NA,2025-04-21T21:40:11Z,2025-04-21 17:40:11,0,50667,624,703,"Wed, 17 Dec 2025 14:21:23 GMT"
hGuaDnqpot4,https://www.youtube.com/watch?v=hGuaDnqpot4,UgxFkR4fWbYRuI69w7t4AaABAg,@FrancyTTTV,UCQC64IYVu3jf8chh-_z6DNw,NETFLIX WTF IS THIS WE WANT SQUID GAME TEASER,en,2025-04-21T16:00:49Z,2025-04-21 12:00:49,140,95,UgxFkR4fWbYRuI69w7t4AaABAg.AHBEgeoVUdKAHBqXjp5BiC,@viniciusbragajordao2415,UCIoVN3IOIS3Ss9QYLKMnsCw,Hhh,NA,2025-04-21T21:40:15Z,2025-04-21 17:40:15,0,50667,624,703,"Wed, 17 Dec 2025 14:21:23 GMT"
hGuaDnqpot4,https://www.youtube.com/watch?v=hGuaDnqpot4,UgxFkR4fWbYRuI69w7t4AaABAg,@FrancyTTTV,UCQC64IYVu3jf8chh-_z6DNw,NETFLIX WTF IS THIS WE WANT SQUID GAME TEASER,en,2025-04-21T16:00:49Z,2025-04-21 12:00:49,140,95,UgxFkR4fWbYRuI69w7t4AaABAg.AHBEgeoVUdKAHBqY7e8ua4,@viniciusbragajordao2415,UCIoVN3IOIS3Ss9QYLKMnsCw,Hh,ca,2025-04-21T21:40:18Z,2025-04-21 17:40:18,0,50667,624,703,"Wed, 17 Dec 2025 14:21:23 GMT"
hGuaDnqpot4,https://www.youtube.com/watch?v=hGuaDnqpot4,UgxFkR4fWbYRuI69w7t4AaABAg,@FrancyTTTV,UCQC64IYVu3jf8chh-_z6DNw,NETFLIX WTF IS THIS WE WANT SQUID GAME TEASER,en,2025-04-21T16:00:49Z,2025-04-21 12:00:49,140,95,UgxFkR4fWbYRuI69w7t4AaABAg.AHBEgeoVUdKAHBqYT-JNya,@viniciusbragajordao2415,UCIoVN3IOIS3Ss9QYLKMnsCw,H,NA,2025-04-21T21:40:21Z,2025-04-21 17:40:21,0,50667,624,703,"Wed, 17 Dec 2025 14:21:23 GMT"
hGuaDnqpot4,https://www.youtube.com/watch?v=hGuaDnqpot4,UgxFkR4fWbYRuI69w7t4AaABAg,@FrancyTTTV,UCQC64IYVu3jf8chh-_z6DNw,NETFLIX WTF IS THIS WE WANT SQUID GAME TEASER,en,2025-04-21T16:00:49Z,2025-04-21 12:00:49,140,95,UgxFkR4fWbYRuI69w7t4AaABAg.AHBEgeoVUdKAHBqYocRu2c,@viniciusbragajordao2415,UCIoVN3IOIS3Ss9QYLKMnsCw,Yfu,xh,2025-04-21T21:40:24Z,2025-04-21 17:40:24,0,50667,624,703,"Wed, 17 Dec 2025 14:21:23 GMT"
hGuaDnqpot4,https://www.youtube.com/watch?v=hGuaDnqpot4,UgxFkR4fWbYRuI69w7t4AaABAg,@FrancyTTTV,UCQC64IYVu3jf8chh-_z6DNw,NETFLIX WTF IS THIS WE WANT SQUID GAME TEASER,en,2025-04-21T16:00:49Z,2025-04-21 12:00:49,140,95,UgxFkR4fWbYRuI69w7t4AaABAg.AHBEgeoVUdKAHCECKTGm3h,@heyitsesmeandelliot,UCP57nRI7oOMEE7OAYMCbyjA,real. like wtf is ts battle camp my ass bro,en,2025-04-22T01:15:47Z,2025-04-21 21:15:47,1,50667,624,703,"Wed, 17 Dec 2025 14:21:23 GMT"
hGuaDnqpot4,https://www.youtube.com/watch?v=hGuaDnqpot4,UgxFkR4fWbYRuI69w7t4AaABAg,@FrancyTTTV,UCQC64IYVu3jf8chh-_z6DNw,NETFLIX WTF IS THIS WE WANT SQUID GAME TEASER,en,2025-04-21T16:00:49Z,2025-04-21 12:00:49,140,95,UgxFkR4fWbYRuI69w7t4AaABAg.AHBEgeoVUdKAHCUTW3aODQ,@viniciusbragajordao2415,UCIoVN3IOIS3Ss9QYLKMnsCw,H,NA,2025-04-22T03:37:56Z,2025-04-21 23:37:56,0,50667,624,703,"Wed, 17 Dec 2025 14:21:23 GMT"
hGuaDnqpot4,https://www.youtube.com/watch?v=hGuaDnqpot4,UgxFkR4fWbYRuI69w7t4AaABAg,@FrancyTTTV,UCQC64IYVu3jf8chh-_z6DNw,NETFLIX WTF IS THIS WE WANT SQUID GAME TEASER,en,2025-04-21T16:00:49Z,2025-04-21 12:00:49,140,95,UgxFkR4fWbYRuI69w7t4AaABAg.AHBEgeoVUdKAHCUUMlEyjj,@viniciusbragajordao2415,UCIoVN3IOIS3Ss9QYLKMnsCw,H,NA,2025-04-22T03:38:03Z,2025-04-21 23:38:03,0,50667,624,703,"Wed, 17 Dec 2025 14:21:23 GMT"
hGuaDnqpot4,https://www.youtube.com/watch?v=hGuaDnqpot4,UgxFkR4fWbYRuI69w7t4AaABAg,@FrancyTTTV,UCQC64IYVu3jf8chh-_z6DNw,NETFLIX WTF IS THIS WE WANT SQUID GAME TEASER,en,2025-04-21T16:00:49Z,2025-04-21 12:00:49,140,95,UgxFkR4fWbYRuI69w7t4AaABAg.AHBEgeoVUdKAHCUV8knEQ6,@viniciusbragajordao2415,UCIoVN3IOIS3Ss9QYLKMnsCw,U,bs,2025-04-22T03:38:10Z,2025-04-21 23:38:10,0,50667,624,703,"Wed, 17 Dec 2025 14:21:23 GMT"
hGuaDnqpot4,https://www.youtube.com/watch?v=hGuaDnqpot4,UgxFkR4fWbYRuI69w7t4AaABAg,@FrancyTTTV,UCQC64IYVu3jf8chh-_z6DNw,NETFLIX WTF IS THIS WE WANT SQUID GAME TEASER,en,2025-04-21T16:00:49Z,2025-04-21 12:00:49,140,95,UgxFkR4fWbYRuI69w7t4AaABAg.AHBEgeoVUdKAHCUW03CrRl,@viniciusbragajordao2415,UCIoVN3IOIS3Ss9QYLKMnsCw,H,NA,2025-04-22T03:38:17Z,2025-04-21 23:38:17,0,50667,624,703,"Wed, 17 Dec 2025 14:21:23 GMT"
hGuaDnqpot4,https://www.youtube.com/watch?v=hGuaDnqpot4,UgxFkR4fWbYRuI69w7t4AaABAg,@FrancyTTTV,UCQC64IYVu3jf8chh-_z6DNw,NETFLIX WTF IS THIS WE WANT SQUID GAME TEASER,en,2025-04-21T16:00:49Z,2025-04-21 12:00:49,140,95,UgxFkR4fWbYRuI69w7t4AaABAg.AHBEgeoVUdKAHCUZk43o0N,@viniciusbragajordao2415,UCIoVN3IOIS3Ss9QYLKMnsCw,U,bs,2025-04-22T03:38:47Z,2025-04-21 23:38:47,0,50667,624,703,"Wed, 17 Dec 2025 14:21:23 GMT"
hGuaDnqpot4,https://www.youtube.com/watch?v=hGuaDnqpot4,UgxFkR4fWbYRuI69w7t4AaABAg,@FrancyTTTV,UCQC64IYVu3jf8chh-_z6DNw,NETFLIX WTF IS THIS WE WANT SQUID GAME TEASER,en,2025-04-21T16:00:49Z,2025-04-21 12:00:49,140,95,UgxFkR4fWbYRuI69w7t4AaABAg.AHBEgeoVUdKAHCU_VxDsbo,@viniciusbragajordao2415,UCIoVN3IOIS3Ss9QYLKMnsCw,U,bs,2025-04-22T03:38:54Z,2025-04-21 23:38:54,0,50667,624,703,"Wed, 17 Dec 2025 14:21:23 GMT"
hGuaDnqpot4,https://www.youtube.com/watch?v=hGuaDnqpot4,UgxFkR4fWbYRuI69w7t4AaABAg,@FrancyTTTV,UCQC64IYVu3jf8chh-_z6DNw,NETFLIX WTF IS THIS WE WANT SQUID GAME TEASER,en,2025-04-21T16:00:49Z,2025-04-21 12:00:49,140,95,UgxFkR4fWbYRuI69w7t4AaABAg.AHBEgeoVUdKAHCUc-N5D3Z,@viniciusbragajordao2415,UCIoVN3IOIS3Ss9QYLKMnsCw,H,NA,2025-04-22T03:39:14Z,2025-04-21 23:39:14,0,50667,624,703,"Wed, 17 Dec 2025 14:21:23 GMT"
hGuaDnqpot4,https://www.youtube.com/watch?v=hGuaDnqpot4,UgxFkR4fWbYRuI69w7t4AaABAg,@FrancyTTTV,UCQC64IYVu3jf8chh-_z6DNw,NETFLIX WTF IS THIS WE WANT SQUID GAME TEASER,en,2025-04-21T16:00:49Z,2025-04-21 12:00:49,140,95,UgxFkR4fWbYRuI69w7t4AaABAg.AHBEgeoVUdKAHSw5mtPhoV,@a.sydney5036,UC7XXaEe9Wx8rlAW-mE-9-jQ,Why do I keep seeing this comment 😂😂😂😂,en,2025-04-28T12:55:57Z,2025-04-28 08:55:57,0,50667,624,703,"Wed, 17 Dec 2025 14:21:23 GMT"
hGuaDnqpot4,https://www.youtube.com/watch?v=hGuaDnqpot4,UgyDwgmi5O4NbnFMT6d4AaABAg,@OneMoreTeaserSquidGame3,UCEOKbxpp2K37T-EZRHGnzww,ONE MORE TEASER! 🗣️🔥,NA,2025-04-21T16:00:44Z,2025-04-21 12:00:44,38,3,UgyDwgmi5O4NbnFMT6d4AaABAg.AHBEg3pURa9AHBEyTuh8jb,@premiumzv,UCyugQFdvdxNU56yov8Q9m5Q,ONE MORE TEASER 🤯🤯🤯🤯🤯🤯😨😨😨,NA,2025-04-21T16:03:15Z,2025-04-21 12:03:15,2,50667,624,703,"Wed, 17 Dec 2025 14:21:23 GMT"
hGuaDnqpot4,https://www.youtube.com/watch?v=hGuaDnqpot4,UgyDwgmi5O4NbnFMT6d4AaABAg,@OneMoreTeaserSquidGame3,UCEOKbxpp2K37T-EZRHGnzww,ONE MORE TEASER! 🗣️🔥,NA,2025-04-21T16:00:44Z,2025-04-21 12:00:44,38,3,UgyDwgmi5O4NbnFMT6d4AaABAg.AHBEg3pURa9AHBGgRKaD4m,@premiumzv,UCyugQFdvdxNU56yov8Q9m5Q,ONE MORE TEASER ONE MOR TEASER ONE MORE ONE MORE TEASER ONE MOR TEASER ONE MORE  TEASER ONE MORE TEASER ONE MORE TEASER ONE MORE TEASER ONE MORE TEASER ONE MORE TEASER ON MORE TEASER ONE MORE ONE MORE TEASER ONE MOR TEASER ONE MORE ONE MORE TEASER ONE MOR TEASER ONE MORE  TEASER ONE MORE TEASER ONE MORE TEASER ONE MORE TEASER ONE MORE TEASER ONE MORE TEASER ON MORE TEASER ONE MORE ONE MORE TEASER ONE MOR TEASER ONE MORE ONE MORE TEASER ONE MOR TEASER ONE MORE  TEASER ONE MORE TEASER ONE MORE TEASER ONE MORE TEASER ONE MORE TEASER ONE MORE TEASER ON MORE TEASER ONE MORE ONE MORE TEASER ONE MOR TEASER ONE MORE ONE MORE TEASER ONE MOR TEASER ONE MORE  TEASER ONE MORE TEASER ONE MORE TEASER ONE MORE TEASER ONE MORE TEASER ONE MORE TEASER ON MORE TEASER ONE MORE ONE MORE TEASER ONE MOR TEASER ONE MORE ONE MORE TEASER ONE MOR TEASER ONE MORE  TEASER ONE MORE TEASER ONE MORE TEASER ONE MORE TEASER ONE MORE TEASER ONE MORE TEASER ON MORE TEASER ONE MORE ONE MORE TEASER ONE MOR TEASER ONE MORE ONE MORE TEASER ONE MOR TEASER ONE MORE  TEASER ONE MORE TEASER ONE MORE TEASER ONE MORE TEASER ONE MORE TEASER ONE MORE TEASER ON MORE TEASER ONE MORE TEASER,ja,2025-04-21T16:18:16Z,2025-04-21 12:18:16,0,50667,624,703,"Wed, 17 Dec 2025 14:21:23 GMT"
hGuaDnqpot4,https://www.youtube.com/watch?v=hGuaDnqpot4,UgyDwgmi5O4NbnFMT6d4AaABAg,@OneMoreTeaserSquidGame3,UCEOKbxpp2K37T-EZRHGnzww,ONE MORE TEASER! 🗣️🔥,NA,2025-04-21T16:00:44Z,2025-04-21 12:00:44,38,3,UgyDwgmi5O4NbnFMT6d4AaABAg.AHBEg3pURa9AHBH13PrBWg,@OneMoreTeaserSquidGame3,UCEOKbxpp2K37T-EZRHGnzww,​@premiumzvONE MORE TEASER,NA,2025-04-21T16:21:13Z,2025-04-21 12:21:13,0,50667,624,703,"Wed, 17 Dec 2025 14:21:23 GMT"
hGuaDnqpot4,https://www.youtube.com/watch?v=hGuaDnqpot4,UgwNLzdiVzrhTL57-pt4AaABAg,@l_AstroJack_l,UC9KK5BBjSWWmA2kXazsBx9g,THIS IS NOT SQUID GAME,en,2025-04-21T16:00:36Z,2025-04-21 12:00:36,79,4,UgwNLzdiVzrhTL57-pt4AaABAg.AHBEf2_NjSVAHBF8-g0Qt7,@premiumzv,UCyugQFdvdxNU56yov8Q9m5Q,IKR IM SO MAD WE NEED SQUID GAME NOT THIS S###,en,2025-04-21T16:04:41Z,2025-04-21 12:04:41,7,50667,624,703,"Wed, 17 Dec 2025 14:21:23 GMT"
hGuaDnqpot4,https://www.youtube.com/watch?v=hGuaDnqpot4,UgwNLzdiVzrhTL57-pt4AaABAg,@l_AstroJack_l,UC9KK5BBjSWWmA2kXazsBx9g,THIS IS NOT SQUID GAME,en,2025-04-21T16:00:36Z,2025-04-21 12:00:36,79,4,UgwNLzdiVzrhTL57-pt4AaABAg.AHBEf2_NjSVAHBGfL6ZRUC,@premiumzv,UCyugQFdvdxNU56yov8Q9m5Q,ONE MORE TEASER ONE MOR TEASER ONE MORE ONE MORE TEASER ONE MOR TEASER ONE MORE  TEASER ONE MORE TEASER ONE MORE TEASER ONE MORE TEASER ONE MORE TEASER ONE MORE TEASER ON MORE TEASER ONE MORE ONE MORE TEASER ONE MOR TEASER ONE MORE ONE MORE TEASER ONE MOR TEASER ONE MORE  TEASER ONE MORE TEASER ONE MORE TEASER ONE MORE TEASER ONE MORE TEASER ONE MORE TEASER ON MORE TEASER ONE MORE ONE MORE TEASER ONE MOR TEASER ONE MORE ONE MORE TEASER ONE MOR TEASER ONE MORE  TEASER ONE MORE TEASER ONE MORE TEASER ONE MORE TEASER ONE MORE TEASER ONE MORE TEASER ON MORE TEASER ONE MORE ONE MORE TEASER ONE MOR TEASER ONE MORE ONE MORE TEASER ONE MOR TEASER ONE MORE  TEASER ONE MORE TEASER ONE MORE TEASER ONE MORE TEASER ONE MORE TEASER ONE MORE TEASER ON MORE TEASER ONE MORE ONE MORE TEASER ONE MOR TEASER ONE MORE ONE MORE TEASER ONE MOR TEASER ONE MORE  TEASER ONE MORE TEASER ONE MORE TEASER ONE MORE TEASER ONE MORE TEASER ONE MORE TEASER ON MORE TEASER ONE MORE ONE MORE TEASER ONE MOR TEASER ONE MORE ONE MORE TEASER ONE MOR TEASER ONE MORE  TEASER ONE MORE TEASER ONE MORE TEASER ONE MORE TEASER ONE MORE TEASER ONE MORE TEASER ON MORE TEASER ONE MORE TEASER,ja,2025-04-21T16:18:07Z,2025-04-21 12:18:07,0,50667,624,703,"Wed, 17 Dec 2025 14:21:23 GMT"
hGuaDnqpot4,https://www.youtube.com/watch?v=hGuaDnqpot4,UgwNLzdiVzrhTL57-pt4AaABAg,@l_AstroJack_l,UC9KK5BBjSWWmA2kXazsBx9g,THIS IS NOT SQUID GAME,en,2025-04-21T16:00:36Z,2025-04-21 12:00:36,79,4,UgwNLzdiVzrhTL57-pt4AaABAg.AHBEf2_NjSVAHBIVDKquwn,@Tcm_edits.01,UCZVdX8xLqC6AAUTynzFBsDA,@premiumzvjust say shit gang,NA,2025-04-21T16:34:04Z,2025-04-21 12:34:04,3,50667,624,703,"Wed, 17 Dec 2025 14:21:23 GMT"
hGuaDnqpot4,https://www.youtube.com/watch?v=hGuaDnqpot4,UgwNLzdiVzrhTL57-pt4AaABAg,@l_AstroJack_l,UC9KK5BBjSWWmA2kXazsBx9g,THIS IS NOT SQUID GAME,en,2025-04-21T16:00:36Z,2025-04-21 12:00:36,79,4,UgwNLzdiVzrhTL57-pt4AaABAg.AHBEf2_NjSVAHBiKxCPyWP,@3l00l3X,UCanmkaO-1Fzgl7QlB4o3K8g,EXCATLY,en,2025-04-21T20:28:36Z,2025-04-21 16:28:36,2,50667,624,703,"Wed, 17 Dec 2025 14:21:23 GMT"
