video_id,video_title,channel_id,channel_title,video_published_at,reply_id,reply_parent_comment_id,reply_author_display,reply_author_channel_id,reply_text,reply_lang,reply_published_utc,reply_published_local,reply_like_count
hGuaDnqpot4,Battle Camp | Sneak Peek | Netflix,UCWOA1ZGywLbqmigxE4Qlvuw,Netflix,2025-04-21T16:00:00Z,Ugy06xWQ3j41LfOigQ14AaABAg.AHDvkq8nQANAHDvu8qctnZ,Ugy06xWQ3j41LfOigQ14AaABAg,@ICEY1956,UCpEc4CDoVWFAROqXwZ8-08A,🎉,ja,2025-04-22T17:05:37Z,2025-04-22 13:05:37,0
hGuaDnqpot4,Battle Camp | Sneak Peek | Netflix,UCWOA1ZGywLbqmigxE4Qlvuw,Netflix,2025-04-21T16:00:00Z,UgzfFxzmTOqemO1gky94AaABAg.AHBsVqthKFMAHBsWMkycTO,UgzfFxzmTOqemO1gky94AaABAg,@oof6382,UCar2MKZslhrCpPcsUNBLn7g,TEASER,no,2025-04-21T21:57:32Z,2025-04-21 17:57:32,0
hGuaDnqpot4,Battle Camp | Sneak Peek | Netflix,UCWOA1ZGywLbqmigxE4Qlvuw,Netflix,2025-04-21T16:00:00Z,UgwuQAKfyaxc197VSRp4AaABAg.AHBMRuKOnmVAHBiNi8_ByU,UgwuQAKfyaxc197VSRp4AaABAg,@3l00l3X,UCanmkaO-1Fzgl7QlB4o3K8g,FR,be,2025-04-21T20:28:59Z,2025-04-21 16:28:59,0
hGuaDnqpot4,Battle Camp | Sneak Peek | Netflix,UCWOA1ZGywLbqmigxE4Qlvuw,Netflix,2025-04-21T16:00:00Z,UgynDR-nf0DZcpl52nB4AaABAg.AHBJs0O9MzyAHBK7O9Zbwz,UgynDR-nf0DZcpl52nB4AaABAg,@Nqt_Mystic,UCKK13l6FClyyq_i8zPT3RSw,ONE MORE TEASER,NA,2025-04-21T16:48:18Z,2025-04-21 12:48:18,2
hGuaDnqpot4,Battle Camp | Sneak Peek | Netflix,UCWOA1ZGywLbqmigxE4Qlvuw,Netflix,2025-04-21T16:00:00Z,Ugw28psghzsXJZI6Cgh4AaABAg.AHBFeFlL6w4AHBMvoJOwto,Ugw28psghzsXJZI6Cgh4AaABAg,@RoksanaWierzbicki,UCjeWjlh6D3hHe4YjS1PFliw,WERE TALKING ABOUT SQUID GAME TEASERS HERE....,en,2025-04-21T17:12:48Z,2025-04-21 13:12:48,0
hGuaDnqpot4,Battle Camp | Sneak Peek | Netflix,UCWOA1ZGywLbqmigxE4Qlvuw,Netflix,2025-04-21T16:00:00Z,UgxfXC4vldasg_fHDFh4AaABAg.AHBExzuWYj0AHBK8lZWyHO,UgxfXC4vldasg_fHDFh4AaABAg,@PackgodEnthusiast,UCXzj8Y0ek4NXAuxCDcpQ-eA,Sergeant I guess our job is to colonise YouTube shorts,en,2025-04-21T16:48:29Z,2025-04-21 12:48:29,0
hGuaDnqpot4,Battle Camp | Sneak Peek | Netflix,UCWOA1ZGywLbqmigxE4Qlvuw,Netflix,2025-04-21T16:00:00Z,Ugzh9C9qz0Vw7ly2vQx4AaABAg.AHBEwyjPhawAHBiLlw0YLu,Ugzh9C9qz0Vw7ly2vQx4AaABAg,@3l00l3X,UCanmkaO-1Fzgl7QlB4o3K8g,FR,be,2025-04-21T20:28:43Z,2025-04-21 16:28:43,1
hGuaDnqpot4,Battle Camp | Sneak Peek | Netflix,UCWOA1ZGywLbqmigxE4Qlvuw,Netflix,2025-04-21T16:00:00Z,UgwjlitTm4sfSqjEC4R4AaABAg.AHBEvQs2na3AHBiM724wEN,UgwjlitTm4sfSqjEC4R4AaABAg,@3l00l3X,UCanmkaO-1Fzgl7QlB4o3K8g,FR,be,2025-04-21T20:28:46Z,2025-04-21 16:28:46,0
hGuaDnqpot4,Battle Camp | Sneak Peek | Netflix,UCWOA1ZGywLbqmigxE4Qlvuw,Netflix,2025-04-21T16:00:00Z,UgwjlitTm4sfSqjEC4R4AaABAg.AHBEvQs2na3AHCB_ktsixn,UgwjlitTm4sfSqjEC4R4AaABAg,@camilcorrafurnica2368,UCpWgkqVvnbww3ay3t688S0g,DONDE ESTA EL TRAILER DEL JUEGO DEL CALAMAR,es,2025-04-22T00:52:54Z,2025-04-21 20:52:54,0
hGuaDnqpot4,Battle Camp | Sneak Peek | Netflix,UCWOA1ZGywLbqmigxE4Qlvuw,Netflix,2025-04-21T16:00:00Z,Ugx7BwxuFt9fFnfBrcN4AaABAg.AHBEtpnz8T9AHBiOFoh5SC,Ugx7BwxuFt9fFnfBrcN4AaABAg,@3l00l3X,UCanmkaO-1Fzgl7QlB4o3K8g,FR,be,2025-04-21T20:29:03Z,2025-04-21 16:29:03,0
hGuaDnqpot4,Battle Camp | Sneak Peek | Netflix,UCWOA1ZGywLbqmigxE4Qlvuw,Netflix,2025-04-21T16:00:00Z,UgxH_LyWfriUaVLeWOt4AaABAg.AHBEtowhtOkAHBGhHHyBoe,UgxH_LyWfriUaVLeWOt4AaABAg,@premiumzv,UCyugQFdvdxNU56yov8Q9m5Q,ONE MORE TEASER ONE MOR TEASER ONE MORE ONE MORE TEASER ONE MOR TEASER ONE MORE  TEASER ONE MORE TEASER ONE MORE TEASER ONE MORE TEASER ONE MORE TEASER ONE MORE TEASER ON MORE TEASER ONE MORE ONE MORE TEASER ONE MOR TEASER ONE MORE ONE MORE TEASER ONE MOR TEASER ONE MORE  TEASER ONE MORE TEASER ONE MORE TEASER ONE MORE TEASER ONE MORE TEASER ONE MORE TEASER ON MORE TEASER ONE MORE ONE MORE TEASER ONE MOR TEASER ONE MORE ONE MORE TEASER ONE MOR TEASER ONE MORE  TEASER ONE MORE TEASER ONE MORE TEASER ONE MORE TEASER ONE MORE TEASER ONE MORE TEASER ON MORE TEASER ONE MORE ONE MORE TEASER ONE MOR TEASER ONE MORE ONE MORE TEASER ONE MOR TEASER ONE MORE  TEASER ONE MORE TEASER ONE MORE TEASER ONE MORE TEASER ONE MORE TEASER ONE MORE TEASER ON MORE TEASER ONE MORE ONE MORE TEASER ONE MOR TEASER ONE MORE ONE MORE TEASER ONE MOR TEASER ONE MORE  TEASER ONE MORE TEASER ONE MORE TEASER ONE MORE TEASER ONE MORE TEASER ONE MORE TEASER ON MORE TEASER ONE MORE ONE MORE TEASER ONE MOR TEASER ONE MORE ONE MORE TEASER ONE MOR TEASER ONE MORE  TEASER ONE MORE TEASER ONE MORE TEASER ONE MORE TEASER ONE MORE TEASER ONE MORE TEASER ON MORE TEASER ONE MORE TEASER,ja,2025-04-21T16:18:23Z,2025-04-21 12:18:23,0
hGuaDnqpot4,Battle Camp | Sneak Peek | Netflix,UCWOA1ZGywLbqmigxE4Qlvuw,Netflix,2025-04-21T16:00:00Z,UgxH_LyWfriUaVLeWOt4AaABAg.AHBEtowhtOkAHBljwIcVhr,UgxH_LyWfriUaVLeWOt4AaABAg,@RaN_dOm_666,UCLSwwiKcHaJmHAx2oU075Zg,I've been waiting for the comment like this😂,en,2025-04-21T20:58:22Z,2025-04-21 16:58:22,0
hGuaDnqpot4,Battle Camp | Sneak Peek | Netflix,UCWOA1ZGywLbqmigxE4Qlvuw,Netflix,2025-04-21T16:00:00Z,UgxH_LyWfriUaVLeWOt4AaABAg.AHBEtowhtOkAHOTa2FrORP,UgxH_LyWfriUaVLeWOt4AaABAg,@PearlUniverse16,UCTxZwlc09QT3jj_BSjNPWdg,Fr,be,2025-04-26T19:21:07Z,2025-04-26 15:21:07,0
hGuaDnqpot4,Battle Camp | Sneak Peek | Netflix,UCWOA1ZGywLbqmigxE4Qlvuw,Netflix,2025-04-21T16:00:00Z,UgwO5B7lMKy_7nTiaQ14AaABAg.AHBEq38l8ORAHBG-Pzlm4O,UgwO5B7lMKy_7nTiaQ14AaABAg,@27kx57k1,UCxLj4Fyspyvnjp0SSV95JCQ,Yo!,ht,2025-04-21T16:12:15Z,2025-04-21 12:12:15,0
hGuaDnqpot4,Battle Camp | Sneak Peek | Netflix,UCWOA1ZGywLbqmigxE4Qlvuw,Netflix,2025-04-21T16:00:00Z,UgwO5B7lMKy_7nTiaQ14AaABAg.AHBEq38l8ORAHBG3i_lNoq,UgwO5B7lMKy_7nTiaQ14AaABAg,@hxtake9564,UCkRQ6mrYUGkBCSFj4pFW2ZA,ONE MORE TEASER,NA,2025-04-21T16:12:51Z,2025-04-21 12:12:51,0
hGuaDnqpot4,Battle Camp | Sneak Peek | Netflix,UCWOA1ZGywLbqmigxE4Qlvuw,Netflix,2025-04-21T16:00:00Z,UgyuJcXPdFwdx9uQY5d4AaABAg.AHBEjhC_9xxAHBF9HTTCYl,UgyuJcXPdFwdx9uQY5d4AaABAg,@premiumzv,UCyugQFdvdxNU56yov8Q9m5Q,ONE MORE TEASER,NA,2025-04-21T16:04:52Z,2025-04-21 12:04:52,2
hGuaDnqpot4,Battle Camp | Sneak Peek | Netflix,UCWOA1ZGywLbqmigxE4Qlvuw,Netflix,2025-04-21T16:00:00Z,UgxSJF13esGpbo1idm94AaABAg.AHBEjALIsaaAHBiNxBRQWW,UgxSJF13esGpbo1idm94AaABAg,@3l00l3X,UCanmkaO-1Fzgl7QlB4o3K8g,FR,be,2025-04-21T20:29:01Z,2025-04-21 16:29:01,0
hGuaDnqpot4,Battle Camp | Sneak Peek | Netflix,UCWOA1ZGywLbqmigxE4Qlvuw,Netflix,2025-04-21T16:00:00Z,Ugz4I09fsAL3PnpyKKR4AaABAg.AHBEiNxyU8xAHBiMOGCZGG,Ugz4I09fsAL3PnpyKKR4AaABAg,@3l00l3X,UCanmkaO-1Fzgl7QlB4o3K8g,FR,be,2025-04-21T20:28:48Z,2025-04-21 16:28:48,0
hGuaDnqpot4,Battle Camp | Sneak Peek | Netflix,UCWOA1ZGywLbqmigxE4Qlvuw,Netflix,2025-04-21T16:00:00Z,Ugy-E2f5_cC42qJ-54h4AaABAg.AHBEhZL0BiOAHBGeObk89g,Ugy-E2f5_cC42qJ-54h4AaABAg,@premiumzv,UCyugQFdvdxNU56yov8Q9m5Q,ONE MORE TEASER ONE MOR TEASER ONE MORE ONE MORE TEASER ONE MOR TEASER ONE MORE  TEASER ONE MORE TEASER ONE MORE TEASER ONE MORE TEASER ONE MORE TEASER ONE MORE TEASER ON MORE TEASER ONE MORE ONE MORE TEASER ONE MOR TEASER ONE MORE ONE MORE TEASER ONE MOR TEASER ONE MORE  TEASER ONE MORE TEASER ONE MORE TEASER ONE MORE TEASER ONE MORE TEASER ONE MORE TEASER ON MORE TEASER ONE MORE ONE MORE TEASER ONE MOR TEASER ONE MORE ONE MORE TEASER ONE MOR TEASER ONE MORE  TEASER ONE MORE TEASER ONE MORE TEASER ONE MORE TEASER ONE MORE TEASER ONE MORE TEASER ON MORE TEASER ONE MORE ONE MORE TEASER ONE MOR TEASER ONE MORE ONE MORE TEASER ONE MOR TEASER ONE MORE  TEASER ONE MORE TEASER ONE MORE TEASER ONE MORE TEASER ONE MORE TEASER ONE MORE TEASER ON MORE TEASER ONE MORE ONE MORE TEASER ONE MOR TEASER ONE MORE ONE MORE TEASER ONE MOR TEASER ONE MORE  TEASER ONE MORE TEASER ONE MORE TEASER ONE MORE TEASER ONE MORE TEASER ONE MORE TEASER ON MORE TEASER ONE MORE ONE MORE TEASER ONE MOR TEASER ONE MORE ONE MORE TEASER ONE MOR TEASER ONE MORE  TEASER ONE MORE TEASER ONE MORE TEASER ONE MORE TEASER ONE MORE TEASER ONE MORE TEASER ON MORE TEASER ONE MORE TEASER,ja,2025-04-21T16:17:59Z,2025-04-21 12:17:59,0
hGuaDnqpot4,Battle Camp | Sneak Peek | Netflix,UCWOA1ZGywLbqmigxE4Qlvuw,Netflix,2025-04-21T16:00:00Z,Ugy-E2f5_cC42qJ-54h4AaABAg.AHBEhZL0BiOAHBiJsixoCy,Ugy-E2f5_cC42qJ-54h4AaABAg,@3l00l3X,UCanmkaO-1Fzgl7QlB4o3K8g,FR,be,2025-04-21T20:28:28Z,2025-04-21 16:28:28,0
hGuaDnqpot4,Battle Camp | Sneak Peek | Netflix,UCWOA1ZGywLbqmigxE4Qlvuw,Netflix,2025-04-21T16:00:00Z,Ugy-E2f5_cC42qJ-54h4AaABAg.AHBEhZL0BiOAHDeYzDwrUz,Ugy-E2f5_cC42qJ-54h4AaABAg,@premiumzv,UCyugQFdvdxNU56yov8Q9m5Q,O,sm,2025-04-22T14:34:03Z,2025-04-22 10:34:03,0
hGuaDnqpot4,Battle Camp | Sneak Peek | Netflix,UCWOA1ZGywLbqmigxE4Qlvuw,Netflix,2025-04-21T16:00:00Z,Ugy-E2f5_cC42qJ-54h4AaABAg.AHBEhZL0BiOAHDeZMfgk9S,Ugy-E2f5_cC42qJ-54h4AaABAg,@premiumzv,UCyugQFdvdxNU56yov8Q9m5Q,O,sm,2025-04-22T14:34:06Z,2025-04-22 10:34:06,0
hGuaDnqpot4,Battle Camp | Sneak Peek | Netflix,UCWOA1ZGywLbqmigxE4Qlvuw,Netflix,2025-04-21T16:00:00Z,Ugy-E2f5_cC42qJ-54h4AaABAg.AHBEhZL0BiOAHDeZky1Wge,Ugy-E2f5_cC42qJ-54h4AaABAg,@premiumzv,UCyugQFdvdxNU56yov8Q9m5Q,O,sm,2025-04-22T14:34:09Z,2025-04-22 10:34:09,0
hGuaDnqpot4,Battle Camp | Sneak Peek | Netflix,UCWOA1ZGywLbqmigxE4Qlvuw,Netflix,2025-04-21T16:00:00Z,Ugy-E2f5_cC42qJ-54h4AaABAg.AHBEhZL0BiOAHDe_5c_KJS,Ugy-E2f5_cC42qJ-54h4AaABAg,@premiumzv,UCyugQFdvdxNU56yov8Q9m5Q,O,sm,2025-04-22T14:34:12Z,2025-04-22 10:34:12,0
hGuaDnqpot4,Battle Camp | Sneak Peek | Netflix,UCWOA1ZGywLbqmigxE4Qlvuw,Netflix,2025-04-21T16:00:00Z,Ugy-E2f5_cC42qJ-54h4AaABAg.AHBEhZL0BiOAHDe_VDvOC8,Ugy-E2f5_cC42qJ-54h4AaABAg,@premiumzv,UCyugQFdvdxNU56yov8Q9m5Q,O,sm,2025-04-22T14:34:15Z,2025-04-22 10:34:15,0
hGuaDnqpot4,Battle Camp | Sneak Peek | Netflix,UCWOA1ZGywLbqmigxE4Qlvuw,Netflix,2025-04-21T16:00:00Z,Ugy-E2f5_cC42qJ-54h4AaABAg.AHBEhZL0BiOAHDe_xii81z,Ugy-E2f5_cC42qJ-54h4AaABAg,@premiumzv,UCyugQFdvdxNU56yov8Q9m5Q,N,af,2025-04-22T14:34:19Z,2025-04-22 10:34:19,0
hGuaDnqpot4,Battle Camp | Sneak Peek | Netflix,UCWOA1ZGywLbqmigxE4Qlvuw,Netflix,2025-04-21T16:00:00Z,Ugy-E2f5_cC42qJ-54h4AaABAg.AHBEhZL0BiOAHDeaQwiFT2,Ugy-E2f5_cC42qJ-54h4AaABAg,@premiumzv,UCyugQFdvdxNU56yov8Q9m5Q,N,af,2025-04-22T14:34:23Z,2025-04-22 10:34:23,0
hGuaDnqpot4,Battle Camp | Sneak Peek | Netflix,UCWOA1ZGywLbqmigxE4Qlvuw,Netflix,2025-04-21T16:00:00Z,Ugy-E2f5_cC42qJ-54h4AaABAg.AHBEhZL0BiOAHDeatJHnc4,Ugy-E2f5_cC42qJ-54h4AaABAg,@premiumzv,UCyugQFdvdxNU56yov8Q9m5Q,N,af,2025-04-22T14:34:27Z,2025-04-22 10:34:27,0
hGuaDnqpot4,Battle Camp | Sneak Peek | Netflix,UCWOA1ZGywLbqmigxE4Qlvuw,Netflix,2025-04-21T16:00:00Z,Ugy-E2f5_cC42qJ-54h4AaABAg.AHBEhZL0BiOAHDebIYeLmL,Ugy-E2f5_cC42qJ-54h4AaABAg,@premiumzv,UCyugQFdvdxNU56yov8Q9m5Q,N,af,2025-04-22T14:34:30Z,2025-04-22 10:34:30,0
hGuaDnqpot4,Battle Camp | Sneak Peek | Netflix,UCWOA1ZGywLbqmigxE4Qlvuw,Netflix,2025-04-21T16:00:00Z,Ugy-E2f5_cC42qJ-54h4AaABAg.AHBEhZL0BiOAHDebjiZ68J,Ugy-E2f5_cC42qJ-54h4AaABAg,@premiumzv,UCyugQFdvdxNU56yov8Q9m5Q,N,af,2025-04-22T14:34:33Z,2025-04-22 10:34:33,0
hGuaDnqpot4,Battle Camp | Sneak Peek | Netflix,UCWOA1ZGywLbqmigxE4Qlvuw,Netflix,2025-04-21T16:00:00Z,Ugy-E2f5_cC42qJ-54h4AaABAg.AHBEhZL0BiOAHDec8CQpd1,Ugy-E2f5_cC42qJ-54h4AaABAg,@premiumzv,UCyugQFdvdxNU56yov8Q9m5Q,E,NA,2025-04-22T14:34:37Z,2025-04-22 10:34:37,0
hGuaDnqpot4,Battle Camp | Sneak Peek | Netflix,UCWOA1ZGywLbqmigxE4Qlvuw,Netflix,2025-04-21T16:00:00Z,Ugy-E2f5_cC42qJ-54h4AaABAg.AHBEhZL0BiOAHDecXKvNKz,Ugy-E2f5_cC42qJ-54h4AaABAg,@premiumzv,UCyugQFdvdxNU56yov8Q9m5Q,E,NA,2025-04-22T14:34:40Z,2025-04-22 10:34:40,0
hGuaDnqpot4,Battle Camp | Sneak Peek | Netflix,UCWOA1ZGywLbqmigxE4Qlvuw,Netflix,2025-04-21T16:00:00Z,Ugy-E2f5_cC42qJ-54h4AaABAg.AHBEhZL0BiOAHDed-FPAqy,Ugy-E2f5_cC42qJ-54h4AaABAg,@premiumzv,UCyugQFdvdxNU56yov8Q9m5Q,E,NA,2025-04-22T14:34:44Z,2025-04-22 10:34:44,0
hGuaDnqpot4,Battle Camp | Sneak Peek | Netflix,UCWOA1ZGywLbqmigxE4Qlvuw,Netflix,2025-04-21T16:00:00Z,Ugy-E2f5_cC42qJ-54h4AaABAg.AHBEhZL0BiOAHDedPQ9muK,Ugy-E2f5_cC42qJ-54h4AaABAg,@premiumzv,UCyugQFdvdxNU56yov8Q9m5Q,E,NA,2025-04-22T14:34:47Z,2025-04-22 10:34:47,0
hGuaDnqpot4,Battle Camp | Sneak Peek | Netflix,UCWOA1ZGywLbqmigxE4Qlvuw,Netflix,2025-04-21T16:00:00Z,Ugy-E2f5_cC42qJ-54h4AaABAg.AHBEhZL0BiOAHDedyNZ8De,Ugy-E2f5_cC42qJ-54h4AaABAg,@premiumzv,UCyugQFdvdxNU56yov8Q9m5Q,E,NA,2025-04-22T14:34:52Z,2025-04-22 10:34:52,0
hGuaDnqpot4,Battle Camp | Sneak Peek | Netflix,UCWOA1ZGywLbqmigxE4Qlvuw,Netflix,2025-04-21T16:00:00Z,Ugy-E2f5_cC42qJ-54h4AaABAg.AHBEhZL0BiOAHDef3Fjb40,Ugy-E2f5_cC42qJ-54h4AaABAg,@premiumzv,UCyugQFdvdxNU56yov8Q9m5Q,......,ja,2025-04-22T14:35:01Z,2025-04-22 10:35:01,0
hGuaDnqpot4,Battle Camp | Sneak Peek | Netflix,UCWOA1ZGywLbqmigxE4Qlvuw,Netflix,2025-04-21T16:00:00Z,Ugy-E2f5_cC42qJ-54h4AaABAg.AHBEhZL0BiOAHDefaG1KbA,Ugy-E2f5_cC42qJ-54h4AaABAg,@premiumzv,UCyugQFdvdxNU56yov8Q9m5Q,M,la,2025-04-22T14:35:05Z,2025-04-22 10:35:05,0
hGuaDnqpot4,Battle Camp | Sneak Peek | Netflix,UCWOA1ZGywLbqmigxE4Qlvuw,Netflix,2025-04-21T16:00:00Z,Ugy-E2f5_cC42qJ-54h4AaABAg.AHBEhZL0BiOAHDeg5FH_G1,Ugy-E2f5_cC42qJ-54h4AaABAg,@premiumzv,UCyugQFdvdxNU56yov8Q9m5Q,M,la,2025-04-22T14:35:09Z,2025-04-22 10:35:09,0
hGuaDnqpot4,Battle Camp | Sneak Peek | Netflix,UCWOA1ZGywLbqmigxE4Qlvuw,Netflix,2025-04-21T16:00:00Z,Ugy-E2f5_cC42qJ-54h4AaABAg.AHBEhZL0BiOAHDegUCfi6Z,Ugy-E2f5_cC42qJ-54h4AaABAg,@premiumzv,UCyugQFdvdxNU56yov8Q9m5Q,M,la,2025-04-22T14:35:12Z,2025-04-22 10:35:12,0
hGuaDnqpot4,Battle Camp | Sneak Peek | Netflix,UCWOA1ZGywLbqmigxE4Qlvuw,Netflix,2025-04-21T16:00:00Z,Ugy-E2f5_cC42qJ-54h4AaABAg.AHBEhZL0BiOAHDegr8JtMd,Ugy-E2f5_cC42qJ-54h4AaABAg,@premiumzv,UCyugQFdvdxNU56yov8Q9m5Q,M,la,2025-04-22T14:35:15Z,2025-04-22 10:35:15,0
hGuaDnqpot4,Battle Camp | Sneak Peek | Netflix,UCWOA1ZGywLbqmigxE4Qlvuw,Netflix,2025-04-21T16:00:00Z,Ugy-E2f5_cC42qJ-54h4AaABAg.AHBEhZL0BiOAHDehHMhiQK,Ugy-E2f5_cC42qJ-54h4AaABAg,@premiumzv,UCyugQFdvdxNU56yov8Q9m5Q,M,la,2025-04-22T14:35:19Z,2025-04-22 10:35:19,0
hGuaDnqpot4,Battle Camp | Sneak Peek | Netflix,UCWOA1ZGywLbqmigxE4Qlvuw,Netflix,2025-04-21T16:00:00Z,Ugy-E2f5_cC42qJ-54h4AaABAg.AHBEhZL0BiOAHDehgxeZcM,Ugy-E2f5_cC42qJ-54h4AaABAg,@premiumzv,UCyugQFdvdxNU56yov8Q9m5Q,O,sm,2025-04-22T14:35:22Z,2025-04-22 10:35:22,0
hGuaDnqpot4,Battle Camp | Sneak Peek | Netflix,UCWOA1ZGywLbqmigxE4Qlvuw,Netflix,2025-04-21T16:00:00Z,Ugy-E2f5_cC42qJ-54h4AaABAg.AHBEhZL0BiOAHDei6DHios,Ugy-E2f5_cC42qJ-54h4AaABAg,@premiumzv,UCyugQFdvdxNU56yov8Q9m5Q,O,sm,2025-04-22T14:35:26Z,2025-04-22 10:35:26,0
hGuaDnqpot4,Battle Camp | Sneak Peek | Netflix,UCWOA1ZGywLbqmigxE4Qlvuw,Netflix,2025-04-21T16:00:00Z,Ugy-E2f5_cC42qJ-54h4AaABAg.AHBEhZL0BiOAHDeiVToIPL,Ugy-E2f5_cC42qJ-54h4AaABAg,@premiumzv,UCyugQFdvdxNU56yov8Q9m5Q,O,sm,2025-04-22T14:35:29Z,2025-04-22 10:35:29,0
hGuaDnqpot4,Battle Camp | Sneak Peek | Netflix,UCWOA1ZGywLbqmigxE4Qlvuw,Netflix,2025-04-21T16:00:00Z,Ugy-E2f5_cC42qJ-54h4AaABAg.AHBEhZL0BiOAHDeisoxGLH,Ugy-E2f5_cC42qJ-54h4AaABAg,@premiumzv,UCyugQFdvdxNU56yov8Q9m5Q,O,sm,2025-04-22T14:35:32Z,2025-04-22 10:35:32,0
hGuaDnqpot4,Battle Camp | Sneak Peek | Netflix,UCWOA1ZGywLbqmigxE4Qlvuw,Netflix,2025-04-21T16:00:00Z,Ugy-E2f5_cC42qJ-54h4AaABAg.AHBEhZL0BiOAHDejM0W7Wv,Ugy-E2f5_cC42qJ-54h4AaABAg,@premiumzv,UCyugQFdvdxNU56yov8Q9m5Q,O,sm,2025-04-22T14:35:36Z,2025-04-22 10:35:36,0
hGuaDnqpot4,Battle Camp | Sneak Peek | Netflix,UCWOA1ZGywLbqmigxE4Qlvuw,Netflix,2025-04-21T16:00:00Z,Ugy-E2f5_cC42qJ-54h4AaABAg.AHBEhZL0BiOAHDejifowV2,Ugy-E2f5_cC42qJ-54h4AaABAg,@premiumzv,UCyugQFdvdxNU56yov8Q9m5Q,R,cy,2025-04-22T14:35:39Z,2025-04-22 10:35:39,0
hGuaDnqpot4,Battle Camp | Sneak Peek | Netflix,UCWOA1ZGywLbqmigxE4Qlvuw,Netflix,2025-04-21T16:00:00Z,Ugy-E2f5_cC42qJ-54h4AaABAg.AHBEhZL0BiOAHDek4F7GrJ,Ugy-E2f5_cC42qJ-54h4AaABAg,@premiumzv,UCyugQFdvdxNU56yov8Q9m5Q,R,cy,2025-04-22T14:35:42Z,2025-04-22 10:35:42,0
hGuaDnqpot4,Battle Camp | Sneak Peek | Netflix,UCWOA1ZGywLbqmigxE4Qlvuw,Netflix,2025-04-21T16:00:00Z,Ugy-E2f5_cC42qJ-54h4AaABAg.AHBEhZL0BiOAHDekUbA_l2,Ugy-E2f5_cC42qJ-54h4AaABAg,@premiumzv,UCyugQFdvdxNU56yov8Q9m5Q,R,cy,2025-04-22T14:35:45Z,2025-04-22 10:35:45,0
hGuaDnqpot4,Battle Camp | Sneak Peek | Netflix,UCWOA1ZGywLbqmigxE4Qlvuw,Netflix,2025-04-21T16:00:00Z,Ugy-E2f5_cC42qJ-54h4AaABAg.AHBEhZL0BiOAHDekuwNziV,Ugy-E2f5_cC42qJ-54h4AaABAg,@premiumzv,UCyugQFdvdxNU56yov8Q9m5Q,R,cy,2025-04-22T14:35:49Z,2025-04-22 10:35:49,0
hGuaDnqpot4,Battle Camp | Sneak Peek | Netflix,UCWOA1ZGywLbqmigxE4Qlvuw,Netflix,2025-04-21T16:00:00Z,Ugy-E2f5_cC42qJ-54h4AaABAg.AHBEhZL0BiOAHDelOW909g,Ugy-E2f5_cC42qJ-54h4AaABAg,@premiumzv,UCyugQFdvdxNU56yov8Q9m5Q,R,cy,2025-04-22T14:35:53Z,2025-04-22 10:35:53,0
hGuaDnqpot4,Battle Camp | Sneak Peek | Netflix,UCWOA1ZGywLbqmigxE4Qlvuw,Netflix,2025-04-21T16:00:00Z,Ugy-E2f5_cC42qJ-54h4AaABAg.AHBEhZL0BiOAHDelpcQ3q0,Ugy-E2f5_cC42qJ-54h4AaABAg,@premiumzv,UCyugQFdvdxNU56yov8Q9m5Q,E,NA,2025-04-22T14:35:56Z,2025-04-22 10:35:56,0
hGuaDnqpot4,Battle Camp | Sneak Peek | Netflix,UCWOA1ZGywLbqmigxE4Qlvuw,Netflix,2025-04-21T16:00:00Z,Ugy-E2f5_cC42qJ-54h4AaABAg.AHBEhZL0BiOAHDemEYEzZ1,Ugy-E2f5_cC42qJ-54h4AaABAg,@premiumzv,UCyugQFdvdxNU56yov8Q9m5Q,E,NA,2025-04-22T14:35:59Z,2025-04-22 10:35:59,0
hGuaDnqpot4,Battle Camp | Sneak Peek | Netflix,UCWOA1ZGywLbqmigxE4Qlvuw,Netflix,2025-04-21T16:00:00Z,Ugy-E2f5_cC42qJ-54h4AaABAg.AHBEhZL0BiOAHDeme4gw8r,Ugy-E2f5_cC42qJ-54h4AaABAg,@premiumzv,UCyugQFdvdxNU56yov8Q9m5Q,E,NA,2025-04-22T14:36:03Z,2025-04-22 10:36:03,0
hGuaDnqpot4,Battle Camp | Sneak Peek | Netflix,UCWOA1ZGywLbqmigxE4Qlvuw,Netflix,2025-04-21T16:00:00Z,Ugy-E2f5_cC42qJ-54h4AaABAg.AHBEhZL0BiOAHDen5gOxl7,Ugy-E2f5_cC42qJ-54h4AaABAg,@premiumzv,UCyugQFdvdxNU56yov8Q9m5Q,E,NA,2025-04-22T14:36:07Z,2025-04-22 10:36:07,0
hGuaDnqpot4,Battle Camp | Sneak Peek | Netflix,UCWOA1ZGywLbqmigxE4Qlvuw,Netflix,2025-04-21T16:00:00Z,Ugy-E2f5_cC42qJ-54h4AaABAg.AHBEhZL0BiOAHDenWzsb-4,Ugy-E2f5_cC42qJ-54h4AaABAg,@premiumzv,UCyugQFdvdxNU56yov8Q9m5Q,E,NA,2025-04-22T14:36:10Z,2025-04-22 10:36:10,0
hGuaDnqpot4,Battle Camp | Sneak Peek | Netflix,UCWOA1ZGywLbqmigxE4Qlvuw,Netflix,2025-04-21T16:00:00Z,Ugy-E2f5_cC42qJ-54h4AaABAg.AHBEhZL0BiOAHDeo5sMVYH,Ugy-E2f5_cC42qJ-54h4AaABAg,@premiumzv,UCyugQFdvdxNU56yov8Q9m5Q,...,ja,2025-04-22T14:36:15Z,2025-04-22 10:36:15,0
hGuaDnqpot4,Battle Camp | Sneak Peek | Netflix,UCWOA1ZGywLbqmigxE4Qlvuw,Netflix,2025-04-21T16:00:00Z,Ugy-E2f5_cC42qJ-54h4AaABAg.AHBEhZL0BiOAHDepOrpONG,Ugy-E2f5_cC42qJ-54h4AaABAg,@premiumzv,UCyugQFdvdxNU56yov8Q9m5Q,T,la,2025-04-22T14:36:25Z,2025-04-22 10:36:25,0
hGuaDnqpot4,Battle Camp | Sneak Peek | Netflix,UCWOA1ZGywLbqmigxE4Qlvuw,Netflix,2025-04-21T16:00:00Z,Ugy-E2f5_cC42qJ-54h4AaABAg.AHBEhZL0BiOAHDepqSTrgD,Ugy-E2f5_cC42qJ-54h4AaABAg,@premiumzv,UCyugQFdvdxNU56yov8Q9m5Q,T,la,2025-04-22T14:36:29Z,2025-04-22 10:36:29,0
hGuaDnqpot4,Battle Camp | Sneak Peek | Netflix,UCWOA1ZGywLbqmigxE4Qlvuw,Netflix,2025-04-21T16:00:00Z,Ugy-E2f5_cC42qJ-54h4AaABAg.AHBEhZL0BiOAHDeqKzpHgq,Ugy-E2f5_cC42qJ-54h4AaABAg,@premiumzv,UCyugQFdvdxNU56yov8Q9m5Q,T,la,2025-04-22T14:36:33Z,2025-04-22 10:36:33,0
hGuaDnqpot4,Battle Camp | Sneak Peek | Netflix,UCWOA1ZGywLbqmigxE4Qlvuw,Netflix,2025-04-21T16:00:00Z,Ugy-E2f5_cC42qJ-54h4AaABAg.AHBEhZL0BiOAHDeqm-mqIC,Ugy-E2f5_cC42qJ-54h4AaABAg,@premiumzv,UCyugQFdvdxNU56yov8Q9m5Q,T,la,2025-04-22T14:36:37Z,2025-04-22 10:36:37,0
hGuaDnqpot4,Battle Camp | Sneak Peek | Netflix,UCWOA1ZGywLbqmigxE4Qlvuw,Netflix,2025-04-21T16:00:00Z,Ugy-E2f5_cC42qJ-54h4AaABAg.AHBEhZL0BiOAHDerWcvehy,Ugy-E2f5_cC42qJ-54h4AaABAg,@premiumzv,UCyugQFdvdxNU56yov8Q9m5Q,T,la,2025-04-22T14:36:43Z,2025-04-22 10:36:43,0
hGuaDnqpot4,Battle Camp | Sneak Peek | Netflix,UCWOA1ZGywLbqmigxE4Qlvuw,Netflix,2025-04-21T16:00:00Z,Ugy-E2f5_cC42qJ-54h4AaABAg.AHBEhZL0BiOAHDes-WJfA9,Ugy-E2f5_cC42qJ-54h4AaABAg,@premiumzv,UCyugQFdvdxNU56yov8Q9m5Q,E,NA,2025-04-22T14:36:47Z,2025-04-22 10:36:47,0
hGuaDnqpot4,Battle Camp | Sneak Peek | Netflix,UCWOA1ZGywLbqmigxE4Qlvuw,Netflix,2025-04-21T16:00:00Z,Ugy-E2f5_cC42qJ-54h4AaABAg.AHBEhZL0BiOAHDesc_yVya,Ugy-E2f5_cC42qJ-54h4AaABAg,@premiumzv,UCyugQFdvdxNU56yov8Q9m5Q,E,NA,2025-04-22T14:36:52Z,2025-04-22 10:36:52,0
hGuaDnqpot4,Battle Camp | Sneak Peek | Netflix,UCWOA1ZGywLbqmigxE4Qlvuw,Netflix,2025-04-21T16:00:00Z,Ugy-E2f5_cC42qJ-54h4AaABAg.AHBEhZL0BiOAHDet5mvTlh,Ugy-E2f5_cC42qJ-54h4AaABAg,@premiumzv,UCyugQFdvdxNU56yov8Q9m5Q,E,NA,2025-04-22T14:36:56Z,2025-04-22 10:36:56,0
hGuaDnqpot4,Battle Camp | Sneak Peek | Netflix,UCWOA1ZGywLbqmigxE4Qlvuw,Netflix,2025-04-21T16:00:00Z,Ugy-E2f5_cC42qJ-54h4AaABAg.AHBEhZL0BiOAHDetb89zIr,Ugy-E2f5_cC42qJ-54h4AaABAg,@premiumzv,UCyugQFdvdxNU56yov8Q9m5Q,E,NA,2025-04-22T14:37:00Z,2025-04-22 10:37:00,0
hGuaDnqpot4,Battle Camp | Sneak Peek | Netflix,UCWOA1ZGywLbqmigxE4Qlvuw,Netflix,2025-04-21T16:00:00Z,Ugy-E2f5_cC42qJ-54h4AaABAg.AHBEhZL0BiOAHDeu14VJ4q,Ugy-E2f5_cC42qJ-54h4AaABAg,@premiumzv,UCyugQFdvdxNU56yov8Q9m5Q,E,NA,2025-04-22T14:37:03Z,2025-04-22 10:37:03,0
hGuaDnqpot4,Battle Camp | Sneak Peek | Netflix,UCWOA1ZGywLbqmigxE4Qlvuw,Netflix,2025-04-21T16:00:00Z,Ugy-E2f5_cC42qJ-54h4AaABAg.AHBEhZL0BiOAHDeuucib-I,Ugy-E2f5_cC42qJ-54h4AaABAg,@premiumzv,UCyugQFdvdxNU56yov8Q9m5Q,A,lb,2025-04-22T14:37:11Z,2025-04-22 10:37:11,0
hGuaDnqpot4,Battle Camp | Sneak Peek | Netflix,UCWOA1ZGywLbqmigxE4Qlvuw,Netflix,2025-04-21T16:00:00Z,Ugy-E2f5_cC42qJ-54h4AaABAg.AHBEhZL0BiOAHDevKZFG4X,Ugy-E2f5_cC42qJ-54h4AaABAg,@premiumzv,UCyugQFdvdxNU56yov8Q9m5Q,A,lb,2025-04-22T14:37:14Z,2025-04-22 10:37:14,0
hGuaDnqpot4,Battle Camp | Sneak Peek | Netflix,UCWOA1ZGywLbqmigxE4Qlvuw,Netflix,2025-04-21T16:00:00Z,Ugy-E2f5_cC42qJ-54h4AaABAg.AHBEhZL0BiOAHDevkGPzNT,Ugy-E2f5_cC42qJ-54h4AaABAg,@premiumzv,UCyugQFdvdxNU56yov8Q9m5Q,A,lb,2025-04-22T14:37:17Z,2025-04-22 10:37:17,0
hGuaDnqpot4,Battle Camp | Sneak Peek | Netflix,UCWOA1ZGywLbqmigxE4Qlvuw,Netflix,2025-04-21T16:00:00Z,Ugy-E2f5_cC42qJ-54h4AaABAg.AHBEhZL0BiOAHDewJyQTNZ,Ugy-E2f5_cC42qJ-54h4AaABAg,@premiumzv,UCyugQFdvdxNU56yov8Q9m5Q,A,lb,2025-04-22T14:37:22Z,2025-04-22 10:37:22,0
hGuaDnqpot4,Battle Camp | Sneak Peek | Netflix,UCWOA1ZGywLbqmigxE4Qlvuw,Netflix,2025-04-21T16:00:00Z,Ugy-E2f5_cC42qJ-54h4AaABAg.AHBEhZL0BiOAHDewoCNgiV,Ugy-E2f5_cC42qJ-54h4AaABAg,@premiumzv,UCyugQFdvdxNU56yov8Q9m5Q,A,lb,2025-04-22T14:37:26Z,2025-04-22 10:37:26,0
hGuaDnqpot4,Battle Camp | Sneak Peek | Netflix,UCWOA1ZGywLbqmigxE4Qlvuw,Netflix,2025-04-21T16:00:00Z,Ugy-E2f5_cC42qJ-54h4AaABAg.AHBEhZL0BiOAHDexGU-A-7,Ugy-E2f5_cC42qJ-54h4AaABAg,@premiumzv,UCyugQFdvdxNU56yov8Q9m5Q,R,cy,2025-04-22T14:37:30Z,2025-04-22 10:37:30,0
hGuaDnqpot4,Battle Camp | Sneak Peek | Netflix,UCWOA1ZGywLbqmigxE4Qlvuw,Netflix,2025-04-21T16:00:00Z,Ugy-E2f5_cC42qJ-54h4AaABAg.AHBEhZL0BiOAHDexhQttdW,Ugy-E2f5_cC42qJ-54h4AaABAg,@premiumzv,UCyugQFdvdxNU56yov8Q9m5Q,R,cy,2025-04-22T14:37:33Z,2025-04-22 10:37:33,0
hGuaDnqpot4,Battle Camp | Sneak Peek | Netflix,UCWOA1ZGywLbqmigxE4Qlvuw,Netflix,2025-04-21T16:00:00Z,Ugy-E2f5_cC42qJ-54h4AaABAg.AHBEhZL0BiOAHDeyB6KgON,Ugy-E2f5_cC42qJ-54h4AaABAg,@premiumzv,UCyugQFdvdxNU56yov8Q9m5Q,R,cy,2025-04-22T14:37:37Z,2025-04-22 10:37:37,0
hGuaDnqpot4,Battle Camp | Sneak Peek | Netflix,UCWOA1ZGywLbqmigxE4Qlvuw,Netflix,2025-04-21T16:00:00Z,Ugy-E2f5_cC42qJ-54h4AaABAg.AHBEhZL0BiOAHDeybnvDm4,Ugy-E2f5_cC42qJ-54h4AaABAg,@premiumzv,UCyugQFdvdxNU56yov8Q9m5Q,R,cy,2025-04-22T14:37:41Z,2025-04-22 10:37:41,0
hGuaDnqpot4,Battle Camp | Sneak Peek | Netflix,UCWOA1ZGywLbqmigxE4Qlvuw,Netflix,2025-04-21T16:00:00Z,Ugy-E2f5_cC42qJ-54h4AaABAg.AHBEhZL0BiOAHDez7xnuy0,Ugy-E2f5_cC42qJ-54h4AaABAg,@premiumzv,UCyugQFdvdxNU56yov8Q9m5Q,R,cy,2025-04-22T14:37:45Z,2025-04-22 10:37:45,0
hGuaDnqpot4,Battle Camp | Sneak Peek | Netflix,UCWOA1ZGywLbqmigxE4Qlvuw,Netflix,2025-04-21T16:00:00Z,Ugy-E2f5_cC42qJ-54h4AaABAg.AHBEhZL0BiOAHDf-QXQE68,Ugy-E2f5_cC42qJ-54h4AaABAg,@premiumzv,UCyugQFdvdxNU56yov8Q9m5Q,ONE MORE TEASERRRR🎉🎉🎉🎉🎉,NA,2025-04-22T14:37:56Z,2025-04-22 10:37:56,0
hGuaDnqpot4,Battle Camp | Sneak Peek | Netflix,UCWOA1ZGywLbqmigxE4Qlvuw,Netflix,2025-04-21T16:00:00Z,UgxFkR4fWbYRuI69w7t4AaABAg.AHBEgeoVUdKAHBGdGhZTji,UgxFkR4fWbYRuI69w7t4AaABAg,@premiumzv,UCyugQFdvdxNU56yov8Q9m5Q,ONE MORE TEASER ONE MOR TEASER ONE MORE ONE MORE TEASER ONE MOR TEASER ONE MORE  TEASER ONE MORE TEASER ONE MORE TEASER ONE MORE TEASER ONE MORE TEASER ONE MORE TEASER ON MORE TEASER ONE MORE ONE MORE TEASER ONE MOR TEASER ONE MORE ONE MORE TEASER ONE MOR TEASER ONE MORE  TEASER ONE MORE TEASER ONE MORE TEASER ONE MORE TEASER ONE MORE TEASER ONE MORE TEASER ON MORE TEASER ONE MORE ONE MORE TEASER ONE MOR TEASER ONE MORE ONE MORE TEASER ONE MOR TEASER ONE MORE  TEASER ONE MORE TEASER ONE MORE TEASER ONE MORE TEASER ONE MORE TEASER ONE MORE TEASER ON MORE TEASER ONE MORE ONE MORE TEASER ONE MOR TEASER ONE MORE ONE MORE TEASER ONE MOR TEASER ONE MORE  TEASER ONE MORE TEASER ONE MORE TEASER ONE MORE TEASER ONE MORE TEASER ONE MORE TEASER ON MORE TEASER ONE MORE ONE MORE TEASER ONE MOR TEASER ONE MORE ONE MORE TEASER ONE MOR TEASER ONE MORE  TEASER ONE MORE TEASER ONE MORE TEASER ONE MORE TEASER ONE MORE TEASER ONE MORE TEASER ON MORE TEASER ONE MORE ONE MORE TEASER ONE MOR TEASER ONE MORE ONE MORE TEASER ONE MOR TEASER ONE MORE  TEASER ONE MORE TEASER ONE MORE TEASER ONE MORE TEASER ONE MORE TEASER ONE MORE TEASER ON MORE TEASER ONE MORE TEASER,ja,2025-04-21T16:17:50Z,2025-04-21 12:17:50,0
hGuaDnqpot4,Battle Camp | Sneak Peek | Netflix,UCWOA1ZGywLbqmigxE4Qlvuw,Netflix,2025-04-21T16:00:00Z,UgxFkR4fWbYRuI69w7t4AaABAg.AHBEgeoVUdKAHBiJaoicuc,UgxFkR4fWbYRuI69w7t4AaABAg,@3l00l3X,UCanmkaO-1Fzgl7QlB4o3K8g,YEESSSSSSSSSS,nl,2025-04-21T20:28:25Z,2025-04-21 16:28:25,1
hGuaDnqpot4,Battle Camp | Sneak Peek | Netflix,UCWOA1ZGywLbqmigxE4Qlvuw,Netflix,2025-04-21T16:00:00Z,UgxFkR4fWbYRuI69w7t4AaABAg.AHBEgeoVUdKAHBlcW2T2Ls,UgxFkR4fWbYRuI69w7t4AaABAg,@RaN_dOm_666,UCLSwwiKcHaJmHAx2oU075Zg,"He'd better release the trailer than teaser, but saaamee",NA,2025-04-21T20:57:21Z,2025-04-21 16:57:21,4
hGuaDnqpot4,Battle Camp | Sneak Peek | Netflix,UCWOA1ZGywLbqmigxE4Qlvuw,Netflix,2025-04-21T16:00:00Z,UgxFkR4fWbYRuI69w7t4AaABAg.AHBEgeoVUdKAHBlzdjjdSy,UgxFkR4fWbYRuI69w7t4AaABAg,@3l00l3X,UCanmkaO-1Fzgl7QlB4o3K8g,"@ teaser trailer, whatever JUST GIVE US SOMETHING TO WATCH",en,2025-04-21T21:00:31Z,2025-04-21 17:00:31,1
hGuaDnqpot4,Battle Camp | Sneak Peek | Netflix,UCWOA1ZGywLbqmigxE4Qlvuw,Netflix,2025-04-21T16:00:00Z,UgxFkR4fWbYRuI69w7t4AaABAg.AHBEgeoVUdKAHBpqx9f_ho,UgxFkR4fWbYRuI69w7t4AaABAg,@viniciusbragajordao2415,UCIoVN3IOIS3Ss9QYLKMnsCw,Tease,ga,2025-04-21T21:34:17Z,2025-04-21 17:34:17,1
hGuaDnqpot4,Battle Camp | Sneak Peek | Netflix,UCWOA1ZGywLbqmigxE4Qlvuw,Netflix,2025-04-21T16:00:00Z,UgxFkR4fWbYRuI69w7t4AaABAg.AHBEgeoVUdKAHBprYCNKSC,UgxFkR4fWbYRuI69w7t4AaABAg,@viniciusbragajordao2415,UCIoVN3IOIS3Ss9QYLKMnsCw,Teaser,no,2025-04-21T21:34:21Z,2025-04-21 17:34:21,1
hGuaDnqpot4,Battle Camp | Sneak Peek | Netflix,UCWOA1ZGywLbqmigxE4Qlvuw,Netflix,2025-04-21T16:00:00Z,UgxFkR4fWbYRuI69w7t4AaABAg.AHBEgeoVUdKAHBps2HzIXD,UgxFkR4fWbYRuI69w7t4AaABAg,@viniciusbragajordao2415,UCIoVN3IOIS3Ss9QYLKMnsCw,Teaser,no,2025-04-21T21:34:25Z,2025-04-21 17:34:25,0
hGuaDnqpot4,Battle Camp | Sneak Peek | Netflix,UCWOA1ZGywLbqmigxE4Qlvuw,Netflix,2025-04-21T16:00:00Z,UgxFkR4fWbYRuI69w7t4AaABAg.AHBEgeoVUdKAHBpsWvqvEi,UgxFkR4fWbYRuI69w7t4AaABAg,@viniciusbragajordao2415,UCIoVN3IOIS3Ss9QYLKMnsCw,Teaser,no,2025-04-21T21:34:29Z,2025-04-21 17:34:29,0
hGuaDnqpot4,Battle Camp | Sneak Peek | Netflix,UCWOA1ZGywLbqmigxE4Qlvuw,Netflix,2025-04-21T16:00:00Z,UgxFkR4fWbYRuI69w7t4AaABAg.AHBEgeoVUdKAHBpt5LKZrR,UgxFkR4fWbYRuI69w7t4AaABAg,@viniciusbragajordao2415,UCIoVN3IOIS3Ss9QYLKMnsCw,Teaser,no,2025-04-21T21:34:34Z,2025-04-21 17:34:34,0
hGuaDnqpot4,Battle Camp | Sneak Peek | Netflix,UCWOA1ZGywLbqmigxE4Qlvuw,Netflix,2025-04-21T16:00:00Z,UgxFkR4fWbYRuI69w7t4AaABAg.AHBEgeoVUdKAHBptZ3FfgH,UgxFkR4fWbYRuI69w7t4AaABAg,@viniciusbragajordao2415,UCIoVN3IOIS3Ss9QYLKMnsCw,Teasee,ga,2025-04-21T21:34:38Z,2025-04-21 17:34:38,0
hGuaDnqpot4,Battle Camp | Sneak Peek | Netflix,UCWOA1ZGywLbqmigxE4Qlvuw,Netflix,2025-04-21T16:00:00Z,UgxFkR4fWbYRuI69w7t4AaABAg.AHBEgeoVUdKAHBpxODGtbS,UgxFkR4fWbYRuI69w7t4AaABAg,@viniciusbragajordao2415,UCIoVN3IOIS3Ss9QYLKMnsCw,Teaee,et,2025-04-21T21:35:09Z,2025-04-21 17:35:09,0
hGuaDnqpot4,Battle Camp | Sneak Peek | Netflix,UCWOA1ZGywLbqmigxE4Qlvuw,Netflix,2025-04-21T16:00:00Z,UgxFkR4fWbYRuI69w7t4AaABAg.AHBEgeoVUdKAHBpxfbY0oM,UgxFkR4fWbYRuI69w7t4AaABAg,@viniciusbragajordao2415,UCIoVN3IOIS3Ss9QYLKMnsCw,F,mt,2025-04-21T21:35:12Z,2025-04-21 17:35:12,0
hGuaDnqpot4,Battle Camp | Sneak Peek | Netflix,UCWOA1ZGywLbqmigxE4Qlvuw,Netflix,2025-04-21T16:00:00Z,UgxFkR4fWbYRuI69w7t4AaABAg.AHBEgeoVUdKAHBpxxuYtPA,UgxFkR4fWbYRuI69w7t4AaABAg,@viniciusbragajordao2415,UCIoVN3IOIS3Ss9QYLKMnsCw,C,la,2025-04-21T21:35:14Z,2025-04-21 17:35:14,0
hGuaDnqpot4,Battle Camp | Sneak Peek | Netflix,UCWOA1ZGywLbqmigxE4Qlvuw,Netflix,2025-04-21T16:00:00Z,UgxFkR4fWbYRuI69w7t4AaABAg.AHBEgeoVUdKAHBpyGw630q,UgxFkR4fWbYRuI69w7t4AaABAg,@viniciusbragajordao2415,UCIoVN3IOIS3Ss9QYLKMnsCw,F,mt,2025-04-21T21:35:16Z,2025-04-21 17:35:16,0
hGuaDnqpot4,Battle Camp | Sneak Peek | Netflix,UCWOA1ZGywLbqmigxE4Qlvuw,Netflix,2025-04-21T16:00:00Z,UgxFkR4fWbYRuI69w7t4AaABAg.AHBEgeoVUdKAHBpy_9WYOs,UgxFkR4fWbYRuI69w7t4AaABAg,@viniciusbragajordao2415,UCIoVN3IOIS3Ss9QYLKMnsCw,D,ca,2025-04-21T21:35:19Z,2025-04-21 17:35:19,0
hGuaDnqpot4,Battle Camp | Sneak Peek | Netflix,UCWOA1ZGywLbqmigxE4Qlvuw,Netflix,2025-04-21T16:00:00Z,UgxFkR4fWbYRuI69w7t4AaABAg.AHBEgeoVUdKAHBpyriDpGh,UgxFkR4fWbYRuI69w7t4AaABAg,@viniciusbragajordao2415,UCIoVN3IOIS3Ss9QYLKMnsCw,G,zh,2025-04-21T21:35:21Z,2025-04-21 17:35:21,0
hGuaDnqpot4,Battle Camp | Sneak Peek | Netflix,UCWOA1ZGywLbqmigxE4Qlvuw,Netflix,2025-04-21T16:00:00Z,UgxFkR4fWbYRuI69w7t4AaABAg.AHBEgeoVUdKAHBpzBLr7bM,UgxFkR4fWbYRuI69w7t4AaABAg,@viniciusbragajordao2415,UCIoVN3IOIS3Ss9QYLKMnsCw,G,zh,2025-04-21T21:35:24Z,2025-04-21 17:35:24,0
hGuaDnqpot4,Battle Camp | Sneak Peek | Netflix,UCWOA1ZGywLbqmigxE4Qlvuw,Netflix,2025-04-21T16:00:00Z,UgxFkR4fWbYRuI69w7t4AaABAg.AHBEgeoVUdKAHBpzSrhyBA,UgxFkR4fWbYRuI69w7t4AaABAg,@viniciusbragajordao2415,UCIoVN3IOIS3Ss9QYLKMnsCw,G,zh,2025-04-21T21:35:26Z,2025-04-21 17:35:26,0
hGuaDnqpot4,Battle Camp | Sneak Peek | Netflix,UCWOA1ZGywLbqmigxE4Qlvuw,Netflix,2025-04-21T16:00:00Z,UgxFkR4fWbYRuI69w7t4AaABAg.AHBEgeoVUdKAHBpzkHDRCO,UgxFkR4fWbYRuI69w7t4AaABAg,@viniciusbragajordao2415,UCIoVN3IOIS3Ss9QYLKMnsCw,Y,es,2025-04-21T21:35:29Z,2025-04-21 17:35:29,0
hGuaDnqpot4,Battle Camp | Sneak Peek | Netflix,UCWOA1ZGywLbqmigxE4Qlvuw,Netflix,2025-04-21T16:00:00Z,UgxFkR4fWbYRuI69w7t4AaABAg.AHBEgeoVUdKAHBq-2-7r-E,UgxFkR4fWbYRuI69w7t4AaABAg,@viniciusbragajordao2415,UCIoVN3IOIS3Ss9QYLKMnsCw,G,zh,2025-04-21T21:35:31Z,2025-04-21 17:35:31,0
hGuaDnqpot4,Battle Camp | Sneak Peek | Netflix,UCWOA1ZGywLbqmigxE4Qlvuw,Netflix,2025-04-21T16:00:00Z,UgxFkR4fWbYRuI69w7t4AaABAg.AHBEgeoVUdKAHBq-JswlDZ,UgxFkR4fWbYRuI69w7t4AaABAg,@viniciusbragajordao2415,UCIoVN3IOIS3Ss9QYLKMnsCw,G,zh,2025-04-21T21:35:33Z,2025-04-21 17:35:33,0
hGuaDnqpot4,Battle Camp | Sneak Peek | Netflix,UCWOA1ZGywLbqmigxE4Qlvuw,Netflix,2025-04-21T16:00:00Z,UgxFkR4fWbYRuI69w7t4AaABAg.AHBEgeoVUdKAHBq-b2DeZY,UgxFkR4fWbYRuI69w7t4AaABAg,@viniciusbragajordao2415,UCIoVN3IOIS3Ss9QYLKMnsCw,G,zh,2025-04-21T21:35:36Z,2025-04-21 17:35:36,0
hGuaDnqpot4,Battle Camp | Sneak Peek | Netflix,UCWOA1ZGywLbqmigxE4Qlvuw,Netflix,2025-04-21T16:00:00Z,UgxFkR4fWbYRuI69w7t4AaABAg.AHBEgeoVUdKAHBq-tUpFCd,UgxFkR4fWbYRuI69w7t4AaABAg,@viniciusbragajordao2415,UCIoVN3IOIS3Ss9QYLKMnsCw,G,zh,2025-04-21T21:35:38Z,2025-04-21 17:35:38,0
hGuaDnqpot4,Battle Camp | Sneak Peek | Netflix,UCWOA1ZGywLbqmigxE4Qlvuw,Netflix,2025-04-21T16:00:00Z,UgxFkR4fWbYRuI69w7t4AaABAg.AHBEgeoVUdKAHBq09i3Bx4,UgxFkR4fWbYRuI69w7t4AaABAg,@viniciusbragajordao2415,UCIoVN3IOIS3Ss9QYLKMnsCw,G,zh,2025-04-21T21:35:40Z,2025-04-21 17:35:40,0
hGuaDnqpot4,Battle Camp | Sneak Peek | Netflix,UCWOA1ZGywLbqmigxE4Qlvuw,Netflix,2025-04-21T16:00:00Z,UgxFkR4fWbYRuI69w7t4AaABAg.AHBEgeoVUdKAHBq0RKk398,UgxFkR4fWbYRuI69w7t4AaABAg,@viniciusbragajordao2415,UCIoVN3IOIS3Ss9QYLKMnsCw,G,zh,2025-04-21T21:35:42Z,2025-04-21 17:35:42,0
hGuaDnqpot4,Battle Camp | Sneak Peek | Netflix,UCWOA1ZGywLbqmigxE4Qlvuw,Netflix,2025-04-21T16:00:00Z,UgxFkR4fWbYRuI69w7t4AaABAg.AHBEgeoVUdKAHBq0mtdiuA,UgxFkR4fWbYRuI69w7t4AaABAg,@viniciusbragajordao2415,UCIoVN3IOIS3Ss9QYLKMnsCw,Y,es,2025-04-21T21:35:45Z,2025-04-21 17:35:45,0
hGuaDnqpot4,Battle Camp | Sneak Peek | Netflix,UCWOA1ZGywLbqmigxE4Qlvuw,Netflix,2025-04-21T16:00:00Z,UgxFkR4fWbYRuI69w7t4AaABAg.AHBEgeoVUdKAHBq12s6jT_,UgxFkR4fWbYRuI69w7t4AaABAg,@viniciusbragajordao2415,UCIoVN3IOIS3Ss9QYLKMnsCw,H,NA,2025-04-21T21:35:47Z,2025-04-21 17:35:47,0
hGuaDnqpot4,Battle Camp | Sneak Peek | Netflix,UCWOA1ZGywLbqmigxE4Qlvuw,Netflix,2025-04-21T16:00:00Z,UgxFkR4fWbYRuI69w7t4AaABAg.AHBEgeoVUdKAHBq1JibrrE,UgxFkR4fWbYRuI69w7t4AaABAg,@viniciusbragajordao2415,UCIoVN3IOIS3Ss9QYLKMnsCw,H,NA,2025-04-21T21:35:49Z,2025-04-21 17:35:49,0
hGuaDnqpot4,Battle Camp | Sneak Peek | Netflix,UCWOA1ZGywLbqmigxE4Qlvuw,Netflix,2025-04-21T16:00:00Z,UgxFkR4fWbYRuI69w7t4AaABAg.AHBEgeoVUdKAHBq1Zw-1GI,UgxFkR4fWbYRuI69w7t4AaABAg,@viniciusbragajordao2415,UCIoVN3IOIS3Ss9QYLKMnsCw,H,NA,2025-04-21T21:35:52Z,2025-04-21 17:35:52,0
hGuaDnqpot4,Battle Camp | Sneak Peek | Netflix,UCWOA1ZGywLbqmigxE4Qlvuw,Netflix,2025-04-21T16:00:00Z,UgxFkR4fWbYRuI69w7t4AaABAg.AHBEgeoVUdKAHBq26NT9NE,UgxFkR4fWbYRuI69w7t4AaABAg,@viniciusbragajordao2415,UCIoVN3IOIS3Ss9QYLKMnsCw,5f,mt,2025-04-21T21:35:56Z,2025-04-21 17:35:56,0
hGuaDnqpot4,Battle Camp | Sneak Peek | Netflix,UCWOA1ZGywLbqmigxE4Qlvuw,Netflix,2025-04-21T16:00:00Z,UgxFkR4fWbYRuI69w7t4AaABAg.AHBEgeoVUdKAHBq2MvXXBy,UgxFkR4fWbYRuI69w7t4AaABAg,@viniciusbragajordao2415,UCIoVN3IOIS3Ss9QYLKMnsCw,R,cy,2025-04-21T21:35:58Z,2025-04-21 17:35:58,0
hGuaDnqpot4,Battle Camp | Sneak Peek | Netflix,UCWOA1ZGywLbqmigxE4Qlvuw,Netflix,2025-04-21T16:00:00Z,UgxFkR4fWbYRuI69w7t4AaABAg.AHBEgeoVUdKAHBq2fVF3-P,UgxFkR4fWbYRuI69w7t4AaABAg,@viniciusbragajordao2415,UCIoVN3IOIS3Ss9QYLKMnsCw,X,uk,2025-04-21T21:36:01Z,2025-04-21 17:36:01,0
hGuaDnqpot4,Battle Camp | Sneak Peek | Netflix,UCWOA1ZGywLbqmigxE4Qlvuw,Netflix,2025-04-21T16:00:00Z,UgxFkR4fWbYRuI69w7t4AaABAg.AHBEgeoVUdKAHBq2w_j8S2,UgxFkR4fWbYRuI69w7t4AaABAg,@viniciusbragajordao2415,UCIoVN3IOIS3Ss9QYLKMnsCw,R,cy,2025-04-21T21:36:03Z,2025-04-21 17:36:03,0
hGuaDnqpot4,Battle Camp | Sneak Peek | Netflix,UCWOA1ZGywLbqmigxE4Qlvuw,Netflix,2025-04-21T16:00:00Z,UgxFkR4fWbYRuI69w7t4AaABAg.AHBEgeoVUdKAHBq4_DEB1A,UgxFkR4fWbYRuI69w7t4AaABAg,@viniciusbragajordao2415,UCIoVN3IOIS3Ss9QYLKMnsCw,H,NA,2025-04-21T21:36:16Z,2025-04-21 17:36:16,0
hGuaDnqpot4,Battle Camp | Sneak Peek | Netflix,UCWOA1ZGywLbqmigxE4Qlvuw,Netflix,2025-04-21T16:00:00Z,UgxFkR4fWbYRuI69w7t4AaABAg.AHBEgeoVUdKAHBq4sEeC2E,UgxFkR4fWbYRuI69w7t4AaABAg,@viniciusbragajordao2415,UCIoVN3IOIS3Ss9QYLKMnsCw,H,NA,2025-04-21T21:36:19Z,2025-04-21 17:36:19,0
hGuaDnqpot4,Battle Camp | Sneak Peek | Netflix,UCWOA1ZGywLbqmigxE4Qlvuw,Netflix,2025-04-21T16:00:00Z,UgxFkR4fWbYRuI69w7t4AaABAg.AHBEgeoVUdKAHBq58JIbKn,UgxFkR4fWbYRuI69w7t4AaABAg,@viniciusbragajordao2415,UCIoVN3IOIS3Ss9QYLKMnsCw,H,NA,2025-04-21T21:36:21Z,2025-04-21 17:36:21,0
hGuaDnqpot4,Battle Camp | Sneak Peek | Netflix,UCWOA1ZGywLbqmigxE4Qlvuw,Netflix,2025-04-21T16:00:00Z,UgxFkR4fWbYRuI69w7t4AaABAg.AHBEgeoVUdKAHBq5PQTnCu,UgxFkR4fWbYRuI69w7t4AaABAg,@viniciusbragajordao2415,UCIoVN3IOIS3Ss9QYLKMnsCw,H,NA,2025-04-21T21:36:23Z,2025-04-21 17:36:23,0
hGuaDnqpot4,Battle Camp | Sneak Peek | Netflix,UCWOA1ZGywLbqmigxE4Qlvuw,Netflix,2025-04-21T16:00:00Z,UgxFkR4fWbYRuI69w7t4AaABAg.AHBEgeoVUdKAHBq5fLU9Oj,UgxFkR4fWbYRuI69w7t4AaABAg,@viniciusbragajordao2415,UCIoVN3IOIS3Ss9QYLKMnsCw,G,zh,2025-04-21T21:36:25Z,2025-04-21 17:36:25,0
hGuaDnqpot4,Battle Camp | Sneak Peek | Netflix,UCWOA1ZGywLbqmigxE4Qlvuw,Netflix,2025-04-21T16:00:00Z,UgxFkR4fWbYRuI69w7t4AaABAg.AHBEgeoVUdKAHBq5waNXSo,UgxFkR4fWbYRuI69w7t4AaABAg,@viniciusbragajordao2415,UCIoVN3IOIS3Ss9QYLKMnsCw,G,zh,2025-04-21T21:36:27Z,2025-04-21 17:36:27,0
hGuaDnqpot4,Battle Camp | Sneak Peek | Netflix,UCWOA1ZGywLbqmigxE4Qlvuw,Netflix,2025-04-21T16:00:00Z,UgxFkR4fWbYRuI69w7t4AaABAg.AHBEgeoVUdKAHBq6BWUJJM,UgxFkR4fWbYRuI69w7t4AaABAg,@viniciusbragajordao2415,UCIoVN3IOIS3Ss9QYLKMnsCw,G,zh,2025-04-21T21:36:29Z,2025-04-21 17:36:29,0
hGuaDnqpot4,Battle Camp | Sneak Peek | Netflix,UCWOA1ZGywLbqmigxE4Qlvuw,Netflix,2025-04-21T16:00:00Z,UgxFkR4fWbYRuI69w7t4AaABAg.AHBEgeoVUdKAHBq6SG3VOY,UgxFkR4fWbYRuI69w7t4AaABAg,@viniciusbragajordao2415,UCIoVN3IOIS3Ss9QYLKMnsCw,G,zh,2025-04-21T21:36:32Z,2025-04-21 17:36:32,0
hGuaDnqpot4,Battle Camp | Sneak Peek | Netflix,UCWOA1ZGywLbqmigxE4Qlvuw,Netflix,2025-04-21T16:00:00Z,UgxFkR4fWbYRuI69w7t4AaABAg.AHBEgeoVUdKAHBq6p9yzK5,UgxFkR4fWbYRuI69w7t4AaABAg,@viniciusbragajordao2415,UCIoVN3IOIS3Ss9QYLKMnsCw,H,NA,2025-04-21T21:36:35Z,2025-04-21 17:36:35,0
hGuaDnqpot4,Battle Camp | Sneak Peek | Netflix,UCWOA1ZGywLbqmigxE4Qlvuw,Netflix,2025-04-21T16:00:00Z,UgxFkR4fWbYRuI69w7t4AaABAg.AHBEgeoVUdKAHBq75PZ8Vl,UgxFkR4fWbYRuI69w7t4AaABAg,@viniciusbragajordao2415,UCIoVN3IOIS3Ss9QYLKMnsCw,G,zh,2025-04-21T21:36:37Z,2025-04-21 17:36:37,0
hGuaDnqpot4,Battle Camp | Sneak Peek | Netflix,UCWOA1ZGywLbqmigxE4Qlvuw,Netflix,2025-04-21T16:00:00Z,UgxFkR4fWbYRuI69w7t4AaABAg.AHBEgeoVUdKAHBq7LB5FKZ,UgxFkR4fWbYRuI69w7t4AaABAg,@viniciusbragajordao2415,UCIoVN3IOIS3Ss9QYLKMnsCw,G,zh,2025-04-21T21:36:39Z,2025-04-21 17:36:39,0
hGuaDnqpot4,Battle Camp | Sneak Peek | Netflix,UCWOA1ZGywLbqmigxE4Qlvuw,Netflix,2025-04-21T16:00:00Z,UgxFkR4fWbYRuI69w7t4AaABAg.AHBEgeoVUdKAHBq7at0xjQ,UgxFkR4fWbYRuI69w7t4AaABAg,@viniciusbragajordao2415,UCIoVN3IOIS3Ss9QYLKMnsCw,G,zh,2025-04-21T21:36:41Z,2025-04-21 17:36:41,0
hGuaDnqpot4,Battle Camp | Sneak Peek | Netflix,UCWOA1ZGywLbqmigxE4Qlvuw,Netflix,2025-04-21T16:00:00Z,UgxFkR4fWbYRuI69w7t4AaABAg.AHBEgeoVUdKAHBq7rQDbz9,UgxFkR4fWbYRuI69w7t4AaABAg,@viniciusbragajordao2415,UCIoVN3IOIS3Ss9QYLKMnsCw,V,no,2025-04-21T21:36:43Z,2025-04-21 17:36:43,0
hGuaDnqpot4,Battle Camp | Sneak Peek | Netflix,UCWOA1ZGywLbqmigxE4Qlvuw,Netflix,2025-04-21T16:00:00Z,UgxFkR4fWbYRuI69w7t4AaABAg.AHBEgeoVUdKAHBq8CGVd9f,UgxFkR4fWbYRuI69w7t4AaABAg,@viniciusbragajordao2415,UCIoVN3IOIS3Ss9QYLKMnsCw,H,NA,2025-04-21T21:36:46Z,2025-04-21 17:36:46,0
hGuaDnqpot4,Battle Camp | Sneak Peek | Netflix,UCWOA1ZGywLbqmigxE4Qlvuw,Netflix,2025-04-21T16:00:00Z,UgxFkR4fWbYRuI69w7t4AaABAg.AHBEgeoVUdKAHBq8Snd86W,UgxFkR4fWbYRuI69w7t4AaABAg,@viniciusbragajordao2415,UCIoVN3IOIS3Ss9QYLKMnsCw,5,ja,2025-04-21T21:36:48Z,2025-04-21 17:36:48,0
hGuaDnqpot4,Battle Camp | Sneak Peek | Netflix,UCWOA1ZGywLbqmigxE4Qlvuw,Netflix,2025-04-21T16:00:00Z,UgxFkR4fWbYRuI69w7t4AaABAg.AHBEgeoVUdKAHBq8mq-0t-,UgxFkR4fWbYRuI69w7t4AaABAg,@viniciusbragajordao2415,UCIoVN3IOIS3Ss9QYLKMnsCw,G,zh,2025-04-21T21:36:51Z,2025-04-21 17:36:51,0
hGuaDnqpot4,Battle Camp | Sneak Peek | Netflix,UCWOA1ZGywLbqmigxE4Qlvuw,Netflix,2025-04-21T16:00:00Z,UgxFkR4fWbYRuI69w7t4AaABAg.AHBEgeoVUdKAHBq93xsq8z,UgxFkR4fWbYRuI69w7t4AaABAg,@viniciusbragajordao2415,UCIoVN3IOIS3Ss9QYLKMnsCw,G,zh,2025-04-21T21:36:53Z,2025-04-21 17:36:53,0
hGuaDnqpot4,Battle Camp | Sneak Peek | Netflix,UCWOA1ZGywLbqmigxE4Qlvuw,Netflix,2025-04-21T16:00:00Z,UgxFkR4fWbYRuI69w7t4AaABAg.AHBEgeoVUdKAHBq9MAlcwb,UgxFkR4fWbYRuI69w7t4AaABAg,@viniciusbragajordao2415,UCIoVN3IOIS3Ss9QYLKMnsCw,G,zh,2025-04-21T21:36:55Z,2025-04-21 17:36:55,0
hGuaDnqpot4,Battle Camp | Sneak Peek | Netflix,UCWOA1ZGywLbqmigxE4Qlvuw,Netflix,2025-04-21T16:00:00Z,UgxFkR4fWbYRuI69w7t4AaABAg.AHBEgeoVUdKAHBq9k4VxHk,UgxFkR4fWbYRuI69w7t4AaABAg,@viniciusbragajordao2415,UCIoVN3IOIS3Ss9QYLKMnsCw,G,zh,2025-04-21T21:36:59Z,2025-04-21 17:36:59,0
hGuaDnqpot4,Battle Camp | Sneak Peek | Netflix,UCWOA1ZGywLbqmigxE4Qlvuw,Netflix,2025-04-21T16:00:00Z,UgxFkR4fWbYRuI69w7t4AaABAg.AHBEgeoVUdKAHBqA2pLvCM,UgxFkR4fWbYRuI69w7t4AaABAg,@viniciusbragajordao2415,UCIoVN3IOIS3Ss9QYLKMnsCw,D,ca,2025-04-21T21:37:01Z,2025-04-21 17:37:01,0
hGuaDnqpot4,Battle Camp | Sneak Peek | Netflix,UCWOA1ZGywLbqmigxE4Qlvuw,Netflix,2025-04-21T16:00:00Z,UgxFkR4fWbYRuI69w7t4AaABAg.AHBEgeoVUdKAHBqAJgMLiG,UgxFkR4fWbYRuI69w7t4AaABAg,@viniciusbragajordao2415,UCIoVN3IOIS3Ss9QYLKMnsCw,G,zh,2025-04-21T21:37:03Z,2025-04-21 17:37:03,0
hGuaDnqpot4,Battle Camp | Sneak Peek | Netflix,UCWOA1ZGywLbqmigxE4Qlvuw,Netflix,2025-04-21T16:00:00Z,UgxFkR4fWbYRuI69w7t4AaABAg.AHBEgeoVUdKAHBqAbPR5-p,UgxFkR4fWbYRuI69w7t4AaABAg,@viniciusbragajordao2415,UCIoVN3IOIS3Ss9QYLKMnsCw,V,no,2025-04-21T21:37:06Z,2025-04-21 17:37:06,0
hGuaDnqpot4,Battle Camp | Sneak Peek | Netflix,UCWOA1ZGywLbqmigxE4Qlvuw,Netflix,2025-04-21T16:00:00Z,UgxFkR4fWbYRuI69w7t4AaABAg.AHBEgeoVUdKAHBqAtKh8Jk,UgxFkR4fWbYRuI69w7t4AaABAg,@viniciusbragajordao2415,UCIoVN3IOIS3Ss9QYLKMnsCw,G,zh,2025-04-21T21:37:08Z,2025-04-21 17:37:08,0
hGuaDnqpot4,Battle Camp | Sneak Peek | Netflix,UCWOA1ZGywLbqmigxE4Qlvuw,Netflix,2025-04-21T16:00:00Z,UgxFkR4fWbYRuI69w7t4AaABAg.AHBEgeoVUdKAHBqB9kclOv,UgxFkR4fWbYRuI69w7t4AaABAg,@viniciusbragajordao2415,UCIoVN3IOIS3Ss9QYLKMnsCw,G,zh,2025-04-21T21:37:10Z,2025-04-21 17:37:10,0
hGuaDnqpot4,Battle Camp | Sneak Peek | Netflix,UCWOA1ZGywLbqmigxE4Qlvuw,Netflix,2025-04-21T16:00:00Z,UgxFkR4fWbYRuI69w7t4AaABAg.AHBEgeoVUdKAHBqBQVZPIF,UgxFkR4fWbYRuI69w7t4AaABAg,@viniciusbragajordao2415,UCIoVN3IOIS3Ss9QYLKMnsCw,G,zh,2025-04-21T21:37:12Z,2025-04-21 17:37:12,0
hGuaDnqpot4,Battle Camp | Sneak Peek | Netflix,UCWOA1ZGywLbqmigxE4Qlvuw,Netflix,2025-04-21T16:00:00Z,UgxFkR4fWbYRuI69w7t4AaABAg.AHBEgeoVUdKAHBqBhFSUhJ,UgxFkR4fWbYRuI69w7t4AaABAg,@viniciusbragajordao2415,UCIoVN3IOIS3Ss9QYLKMnsCw,G,zh,2025-04-21T21:37:15Z,2025-04-21 17:37:15,0
hGuaDnqpot4,Battle Camp | Sneak Peek | Netflix,UCWOA1ZGywLbqmigxE4Qlvuw,Netflix,2025-04-21T16:00:00Z,UgxFkR4fWbYRuI69w7t4AaABAg.AHBEgeoVUdKAHBqByuJzka,UgxFkR4fWbYRuI69w7t4AaABAg,@viniciusbragajordao2415,UCIoVN3IOIS3Ss9QYLKMnsCw,G,zh,2025-04-21T21:37:17Z,2025-04-21 17:37:17,0
hGuaDnqpot4,Battle Camp | Sneak Peek | Netflix,UCWOA1ZGywLbqmigxE4Qlvuw,Netflix,2025-04-21T16:00:00Z,UgxFkR4fWbYRuI69w7t4AaABAg.AHBEgeoVUdKAHBqCFWql1l,UgxFkR4fWbYRuI69w7t4AaABAg,@viniciusbragajordao2415,UCIoVN3IOIS3Ss9QYLKMnsCw,G,zh,2025-04-21T21:37:19Z,2025-04-21 17:37:19,0
hGuaDnqpot4,Battle Camp | Sneak Peek | Netflix,UCWOA1ZGywLbqmigxE4Qlvuw,Netflix,2025-04-21T16:00:00Z,UgxFkR4fWbYRuI69w7t4AaABAg.AHBEgeoVUdKAHBqCajcQ82,UgxFkR4fWbYRuI69w7t4AaABAg,@viniciusbragajordao2415,UCIoVN3IOIS3Ss9QYLKMnsCw,G,zh,2025-04-21T21:37:22Z,2025-04-21 17:37:22,0
hGuaDnqpot4,Battle Camp | Sneak Peek | Netflix,UCWOA1ZGywLbqmigxE4Qlvuw,Netflix,2025-04-21T16:00:00Z,UgxFkR4fWbYRuI69w7t4AaABAg.AHBEgeoVUdKAHBqCsupP2Q,UgxFkR4fWbYRuI69w7t4AaABAg,@viniciusbragajordao2415,UCIoVN3IOIS3Ss9QYLKMnsCw,G,zh,2025-04-21T21:37:24Z,2025-04-21 17:37:24,0
hGuaDnqpot4,Battle Camp | Sneak Peek | Netflix,UCWOA1ZGywLbqmigxE4Qlvuw,Netflix,2025-04-21T16:00:00Z,UgxFkR4fWbYRuI69w7t4AaABAg.AHBEgeoVUdKAHBqE5BQyRI,UgxFkR4fWbYRuI69w7t4AaABAg,@viniciusbragajordao2415,UCIoVN3IOIS3Ss9QYLKMnsCw,F,mt,2025-04-21T21:37:34Z,2025-04-21 17:37:34,0
hGuaDnqpot4,Battle Camp | Sneak Peek | Netflix,UCWOA1ZGywLbqmigxE4Qlvuw,Netflix,2025-04-21T16:00:00Z,UgxFkR4fWbYRuI69w7t4AaABAg.AHBEgeoVUdKAHBqEbjm7tl,UgxFkR4fWbYRuI69w7t4AaABAg,@viniciusbragajordao2415,UCIoVN3IOIS3Ss9QYLKMnsCw,G,zh,2025-04-21T21:37:38Z,2025-04-21 17:37:38,0
hGuaDnqpot4,Battle Camp | Sneak Peek | Netflix,UCWOA1ZGywLbqmigxE4Qlvuw,Netflix,2025-04-21T16:00:00Z,UgxFkR4fWbYRuI69w7t4AaABAg.AHBEgeoVUdKAHBqEthKzud,UgxFkR4fWbYRuI69w7t4AaABAg,@viniciusbragajordao2415,UCIoVN3IOIS3Ss9QYLKMnsCw,F,mt,2025-04-21T21:37:41Z,2025-04-21 17:37:41,0
hGuaDnqpot4,Battle Camp | Sneak Peek | Netflix,UCWOA1ZGywLbqmigxE4Qlvuw,Netflix,2025-04-21T16:00:00Z,UgxFkR4fWbYRuI69w7t4AaABAg.AHBEgeoVUdKAHBqFG2C_LY,UgxFkR4fWbYRuI69w7t4AaABAg,@viniciusbragajordao2415,UCIoVN3IOIS3Ss9QYLKMnsCw,F,mt,2025-04-21T21:37:44Z,2025-04-21 17:37:44,0
hGuaDnqpot4,Battle Camp | Sneak Peek | Netflix,UCWOA1ZGywLbqmigxE4Qlvuw,Netflix,2025-04-21T16:00:00Z,UgxFkR4fWbYRuI69w7t4AaABAg.AHBEgeoVUdKAHBqFW5ZE7o,UgxFkR4fWbYRuI69w7t4AaABAg,@viniciusbragajordao2415,UCIoVN3IOIS3Ss9QYLKMnsCw,F,mt,2025-04-21T21:37:46Z,2025-04-21 17:37:46,0
hGuaDnqpot4,Battle Camp | Sneak Peek | Netflix,UCWOA1ZGywLbqmigxE4Qlvuw,Netflix,2025-04-21T16:00:00Z,UgxFkR4fWbYRuI69w7t4AaABAg.AHBEgeoVUdKAHBqFmUwune,UgxFkR4fWbYRuI69w7t4AaABAg,@viniciusbragajordao2415,UCIoVN3IOIS3Ss9QYLKMnsCw,F,mt,2025-04-21T21:37:48Z,2025-04-21 17:37:48,0
hGuaDnqpot4,Battle Camp | Sneak Peek | Netflix,UCWOA1ZGywLbqmigxE4Qlvuw,Netflix,2025-04-21T16:00:00Z,UgxFkR4fWbYRuI69w7t4AaABAg.AHBEgeoVUdKAHBqG1jYGlg,UgxFkR4fWbYRuI69w7t4AaABAg,@viniciusbragajordao2415,UCIoVN3IOIS3Ss9QYLKMnsCw,F,mt,2025-04-21T21:37:50Z,2025-04-21 17:37:50,0
hGuaDnqpot4,Battle Camp | Sneak Peek | Netflix,UCWOA1ZGywLbqmigxE4Qlvuw,Netflix,2025-04-21T16:00:00Z,UgxFkR4fWbYRuI69w7t4AaABAg.AHBEgeoVUdKAHBqGHLfcRx,UgxFkR4fWbYRuI69w7t4AaABAg,@viniciusbragajordao2415,UCIoVN3IOIS3Ss9QYLKMnsCw,F,mt,2025-04-21T21:37:52Z,2025-04-21 17:37:52,0
hGuaDnqpot4,Battle Camp | Sneak Peek | Netflix,UCWOA1ZGywLbqmigxE4Qlvuw,Netflix,2025-04-21T16:00:00Z,UgxFkR4fWbYRuI69w7t4AaABAg.AHBEgeoVUdKAHBqGX2ysxX,UgxFkR4fWbYRuI69w7t4AaABAg,@viniciusbragajordao2415,UCIoVN3IOIS3Ss9QYLKMnsCw,F,mt,2025-04-21T21:37:54Z,2025-04-21 17:37:54,0
hGuaDnqpot4,Battle Camp | Sneak Peek | Netflix,UCWOA1ZGywLbqmigxE4Qlvuw,Netflix,2025-04-21T16:00:00Z,UgxFkR4fWbYRuI69w7t4AaABAg.AHBEgeoVUdKAHBqHBvF9I1,UgxFkR4fWbYRuI69w7t4AaABAg,@viniciusbragajordao2415,UCIoVN3IOIS3Ss9QYLKMnsCw,V,no,2025-04-21T21:38:00Z,2025-04-21 17:38:00,0
hGuaDnqpot4,Battle Camp | Sneak Peek | Netflix,UCWOA1ZGywLbqmigxE4Qlvuw,Netflix,2025-04-21T16:00:00Z,UgxFkR4fWbYRuI69w7t4AaABAg.AHBEgeoVUdKAHBqKzFbiHc,UgxFkR4fWbYRuI69w7t4AaABAg,@viniciusbragajordao2415,UCIoVN3IOIS3Ss9QYLKMnsCw,Teaer,NA,2025-04-21T21:38:31Z,2025-04-21 17:38:31,0
hGuaDnqpot4,Battle Camp | Sneak Peek | Netflix,UCWOA1ZGywLbqmigxE4Qlvuw,Netflix,2025-04-21T16:00:00Z,UgxFkR4fWbYRuI69w7t4AaABAg.AHBEgeoVUdKAHBqLJ3F7AM,UgxFkR4fWbYRuI69w7t4AaABAg,@viniciusbragajordao2415,UCIoVN3IOIS3Ss9QYLKMnsCw,Gft,NA,2025-04-21T21:38:33Z,2025-04-21 17:38:33,0
hGuaDnqpot4,Battle Camp | Sneak Peek | Netflix,UCWOA1ZGywLbqmigxE4Qlvuw,Netflix,2025-04-21T16:00:00Z,UgxFkR4fWbYRuI69w7t4AaABAg.AHBEgeoVUdKAHBqNC6C3tv,UgxFkR4fWbYRuI69w7t4AaABAg,@viniciusbragajordao2415,UCIoVN3IOIS3Ss9QYLKMnsCw,C,la,2025-04-21T21:38:49Z,2025-04-21 17:38:49,0
hGuaDnqpot4,Battle Camp | Sneak Peek | Netflix,UCWOA1ZGywLbqmigxE4Qlvuw,Netflix,2025-04-21T16:00:00Z,UgxFkR4fWbYRuI69w7t4AaABAg.AHBEgeoVUdKAHBqOPNyvu9,UgxFkR4fWbYRuI69w7t4AaABAg,@viniciusbragajordao2415,UCIoVN3IOIS3Ss9QYLKMnsCw,​hhhh@3l00l3X,sq,2025-04-21T21:38:59Z,2025-04-21 17:38:59,0
hGuaDnqpot4,Battle Camp | Sneak Peek | Netflix,UCWOA1ZGywLbqmigxE4Qlvuw,Netflix,2025-04-21T16:00:00Z,UgxFkR4fWbYRuI69w7t4AaABAg.AHBEgeoVUdKAHBqTHtD3ej,UgxFkR4fWbYRuI69w7t4AaABAg,@viniciusbragajordao2415,UCIoVN3IOIS3Ss9QYLKMnsCw,V,no,2025-04-21T21:39:39Z,2025-04-21 17:39:39,0
hGuaDnqpot4,Battle Camp | Sneak Peek | Netflix,UCWOA1ZGywLbqmigxE4Qlvuw,Netflix,2025-04-21T16:00:00Z,UgxFkR4fWbYRuI69w7t4AaABAg.AHBEgeoVUdKAHBqU0PuH9f,UgxFkR4fWbYRuI69w7t4AaABAg,@viniciusbragajordao2415,UCIoVN3IOIS3Ss9QYLKMnsCw,0:20 nhjjj,no,2025-04-21T21:39:45Z,2025-04-21 17:39:45,0
hGuaDnqpot4,Battle Camp | Sneak Peek | Netflix,UCWOA1ZGywLbqmigxE4Qlvuw,Netflix,2025-04-21T16:00:00Z,UgxFkR4fWbYRuI69w7t4AaABAg.AHBEgeoVUdKAHBqUJKAwq6,UgxFkR4fWbYRuI69w7t4AaABAg,@viniciusbragajordao2415,UCIoVN3IOIS3Ss9QYLKMnsCw,F,mt,2025-04-21T21:39:47Z,2025-04-21 17:39:47,0
hGuaDnqpot4,Battle Camp | Sneak Peek | Netflix,UCWOA1ZGywLbqmigxE4Qlvuw,Netflix,2025-04-21T16:00:00Z,UgxFkR4fWbYRuI69w7t4AaABAg.AHBEgeoVUdKAHBqVVF61ho,UgxFkR4fWbYRuI69w7t4AaABAg,@viniciusbragajordao2415,UCIoVN3IOIS3Ss9QYLKMnsCw,0:456,ja,2025-04-21T21:39:57Z,2025-04-21 17:39:57,0
hGuaDnqpot4,Battle Camp | Sneak Peek | Netflix,UCWOA1ZGywLbqmigxE4Qlvuw,Netflix,2025-04-21T16:00:00Z,UgxFkR4fWbYRuI69w7t4AaABAg.AHBEgeoVUdKAHBqXI6c6fy,UgxFkR4fWbYRuI69w7t4AaABAg,@viniciusbragajordao2415,UCIoVN3IOIS3Ss9QYLKMnsCw,Gh78,NA,2025-04-21T21:40:11Z,2025-04-21 17:40:11,0
hGuaDnqpot4,Battle Camp | Sneak Peek | Netflix,UCWOA1ZGywLbqmigxE4Qlvuw,Netflix,2025-04-21T16:00:00Z,UgxFkR4fWbYRuI69w7t4AaABAg.AHBEgeoVUdKAHBqXjp5BiC,UgxFkR4fWbYRuI69w7t4AaABAg,@viniciusbragajordao2415,UCIoVN3IOIS3Ss9QYLKMnsCw,Hhh,NA,2025-04-21T21:40:15Z,2025-04-21 17:40:15,0
hGuaDnqpot4,Battle Camp | Sneak Peek | Netflix,UCWOA1ZGywLbqmigxE4Qlvuw,Netflix,2025-04-21T16:00:00Z,UgxFkR4fWbYRuI69w7t4AaABAg.AHBEgeoVUdKAHBqY7e8ua4,UgxFkR4fWbYRuI69w7t4AaABAg,@viniciusbragajordao2415,UCIoVN3IOIS3Ss9QYLKMnsCw,Hh,ca,2025-04-21T21:40:18Z,2025-04-21 17:40:18,0
hGuaDnqpot4,Battle Camp | Sneak Peek | Netflix,UCWOA1ZGywLbqmigxE4Qlvuw,Netflix,2025-04-21T16:00:00Z,UgxFkR4fWbYRuI69w7t4AaABAg.AHBEgeoVUdKAHBqYT-JNya,UgxFkR4fWbYRuI69w7t4AaABAg,@viniciusbragajordao2415,UCIoVN3IOIS3Ss9QYLKMnsCw,H,NA,2025-04-21T21:40:21Z,2025-04-21 17:40:21,0
hGuaDnqpot4,Battle Camp | Sneak Peek | Netflix,UCWOA1ZGywLbqmigxE4Qlvuw,Netflix,2025-04-21T16:00:00Z,UgxFkR4fWbYRuI69w7t4AaABAg.AHBEgeoVUdKAHBqYocRu2c,UgxFkR4fWbYRuI69w7t4AaABAg,@viniciusbragajordao2415,UCIoVN3IOIS3Ss9QYLKMnsCw,Yfu,xh,2025-04-21T21:40:24Z,2025-04-21 17:40:24,0
hGuaDnqpot4,Battle Camp | Sneak Peek | Netflix,UCWOA1ZGywLbqmigxE4Qlvuw,Netflix,2025-04-21T16:00:00Z,UgxFkR4fWbYRuI69w7t4AaABAg.AHBEgeoVUdKAHCECKTGm3h,UgxFkR4fWbYRuI69w7t4AaABAg,@heyitsesmeandelliot,UCP57nRI7oOMEE7OAYMCbyjA,real. like wtf is ts battle camp my ass bro,en,2025-04-22T01:15:47Z,2025-04-21 21:15:47,1
hGuaDnqpot4,Battle Camp | Sneak Peek | Netflix,UCWOA1ZGywLbqmigxE4Qlvuw,Netflix,2025-04-21T16:00:00Z,UgxFkR4fWbYRuI69w7t4AaABAg.AHBEgeoVUdKAHCUTW3aODQ,UgxFkR4fWbYRuI69w7t4AaABAg,@viniciusbragajordao2415,UCIoVN3IOIS3Ss9QYLKMnsCw,H,NA,2025-04-22T03:37:56Z,2025-04-21 23:37:56,0
hGuaDnqpot4,Battle Camp | Sneak Peek | Netflix,UCWOA1ZGywLbqmigxE4Qlvuw,Netflix,2025-04-21T16:00:00Z,UgxFkR4fWbYRuI69w7t4AaABAg.AHBEgeoVUdKAHCUUMlEyjj,UgxFkR4fWbYRuI69w7t4AaABAg,@viniciusbragajordao2415,UCIoVN3IOIS3Ss9QYLKMnsCw,H,NA,2025-04-22T03:38:03Z,2025-04-21 23:38:03,0
hGuaDnqpot4,Battle Camp | Sneak Peek | Netflix,UCWOA1ZGywLbqmigxE4Qlvuw,Netflix,2025-04-21T16:00:00Z,UgxFkR4fWbYRuI69w7t4AaABAg.AHBEgeoVUdKAHCUV8knEQ6,UgxFkR4fWbYRuI69w7t4AaABAg,@viniciusbragajordao2415,UCIoVN3IOIS3Ss9QYLKMnsCw,U,bs,2025-04-22T03:38:10Z,2025-04-21 23:38:10,0
hGuaDnqpot4,Battle Camp | Sneak Peek | Netflix,UCWOA1ZGywLbqmigxE4Qlvuw,Netflix,2025-04-21T16:00:00Z,UgxFkR4fWbYRuI69w7t4AaABAg.AHBEgeoVUdKAHCUW03CrRl,UgxFkR4fWbYRuI69w7t4AaABAg,@viniciusbragajordao2415,UCIoVN3IOIS3Ss9QYLKMnsCw,H,NA,2025-04-22T03:38:17Z,2025-04-21 23:38:17,0
hGuaDnqpot4,Battle Camp | Sneak Peek | Netflix,UCWOA1ZGywLbqmigxE4Qlvuw,Netflix,2025-04-21T16:00:00Z,UgxFkR4fWbYRuI69w7t4AaABAg.AHBEgeoVUdKAHCUZk43o0N,UgxFkR4fWbYRuI69w7t4AaABAg,@viniciusbragajordao2415,UCIoVN3IOIS3Ss9QYLKMnsCw,U,bs,2025-04-22T03:38:47Z,2025-04-21 23:38:47,0
hGuaDnqpot4,Battle Camp | Sneak Peek | Netflix,UCWOA1ZGywLbqmigxE4Qlvuw,Netflix,2025-04-21T16:00:00Z,UgxFkR4fWbYRuI69w7t4AaABAg.AHBEgeoVUdKAHCU_VxDsbo,UgxFkR4fWbYRuI69w7t4AaABAg,@viniciusbragajordao2415,UCIoVN3IOIS3Ss9QYLKMnsCw,U,bs,2025-04-22T03:38:54Z,2025-04-21 23:38:54,0
hGuaDnqpot4,Battle Camp | Sneak Peek | Netflix,UCWOA1ZGywLbqmigxE4Qlvuw,Netflix,2025-04-21T16:00:00Z,UgxFkR4fWbYRuI69w7t4AaABAg.AHBEgeoVUdKAHCUc-N5D3Z,UgxFkR4fWbYRuI69w7t4AaABAg,@viniciusbragajordao2415,UCIoVN3IOIS3Ss9QYLKMnsCw,H,NA,2025-04-22T03:39:14Z,2025-04-21 23:39:14,0
hGuaDnqpot4,Battle Camp | Sneak Peek | Netflix,UCWOA1ZGywLbqmigxE4Qlvuw,Netflix,2025-04-21T16:00:00Z,UgxFkR4fWbYRuI69w7t4AaABAg.AHBEgeoVUdKAHSw5mtPhoV,UgxFkR4fWbYRuI69w7t4AaABAg,@a.sydney5036,UC7XXaEe9Wx8rlAW-mE-9-jQ,Why do I keep seeing this comment 😂😂😂😂,en,2025-04-28T12:55:57Z,2025-04-28 08:55:57,0
hGuaDnqpot4,Battle Camp | Sneak Peek | Netflix,UCWOA1ZGywLbqmigxE4Qlvuw,Netflix,2025-04-21T16:00:00Z,UgyDwgmi5O4NbnFMT6d4AaABAg.AHBEg3pURa9AHBEyTuh8jb,UgyDwgmi5O4NbnFMT6d4AaABAg,@premiumzv,UCyugQFdvdxNU56yov8Q9m5Q,ONE MORE TEASER 🤯🤯🤯🤯🤯🤯😨😨😨,NA,2025-04-21T16:03:15Z,2025-04-21 12:03:15,2
hGuaDnqpot4,Battle Camp | Sneak Peek | Netflix,UCWOA1ZGywLbqmigxE4Qlvuw,Netflix,2025-04-21T16:00:00Z,UgyDwgmi5O4NbnFMT6d4AaABAg.AHBEg3pURa9AHBGgRKaD4m,UgyDwgmi5O4NbnFMT6d4AaABAg,@premiumzv,UCyugQFdvdxNU56yov8Q9m5Q,ONE MORE TEASER ONE MOR TEASER ONE MORE ONE MORE TEASER ONE MOR TEASER ONE MORE  TEASER ONE MORE TEASER ONE MORE TEASER ONE MORE TEASER ONE MORE TEASER ONE MORE TEASER ON MORE TEASER ONE MORE ONE MORE TEASER ONE MOR TEASER ONE MORE ONE MORE TEASER ONE MOR TEASER ONE MORE  TEASER ONE MORE TEASER ONE MORE TEASER ONE MORE TEASER ONE MORE TEASER ONE MORE TEASER ON MORE TEASER ONE MORE ONE MORE TEASER ONE MOR TEASER ONE MORE ONE MORE TEASER ONE MOR TEASER ONE MORE  TEASER ONE MORE TEASER ONE MORE TEASER ONE MORE TEASER ONE MORE TEASER ONE MORE TEASER ON MORE TEASER ONE MORE ONE MORE TEASER ONE MOR TEASER ONE MORE ONE MORE TEASER ONE MOR TEASER ONE MORE  TEASER ONE MORE TEASER ONE MORE TEASER ONE MORE TEASER ONE MORE TEASER ONE MORE TEASER ON MORE TEASER ONE MORE ONE MORE TEASER ONE MOR TEASER ONE MORE ONE MORE TEASER ONE MOR TEASER ONE MORE  TEASER ONE MORE TEASER ONE MORE TEASER ONE MORE TEASER ONE MORE TEASER ONE MORE TEASER ON MORE TEASER ONE MORE ONE MORE TEASER ONE MOR TEASER ONE MORE ONE MORE TEASER ONE MOR TEASER ONE MORE  TEASER ONE MORE TEASER ONE MORE TEASER ONE MORE TEASER ONE MORE TEASER ONE MORE TEASER ON MORE TEASER ONE MORE TEASER,ja,2025-04-21T16:18:16Z,2025-04-21 12:18:16,0
hGuaDnqpot4,Battle Camp | Sneak Peek | Netflix,UCWOA1ZGywLbqmigxE4Qlvuw,Netflix,2025-04-21T16:00:00Z,UgyDwgmi5O4NbnFMT6d4AaABAg.AHBEg3pURa9AHBH13PrBWg,UgyDwgmi5O4NbnFMT6d4AaABAg,@OneMoreTeaserSquidGame3,UCEOKbxpp2K37T-EZRHGnzww,​@premiumzvONE MORE TEASER,NA,2025-04-21T16:21:13Z,2025-04-21 12:21:13,0
hGuaDnqpot4,Battle Camp | Sneak Peek | Netflix,UCWOA1ZGywLbqmigxE4Qlvuw,Netflix,2025-04-21T16:00:00Z,UgwNLzdiVzrhTL57-pt4AaABAg.AHBEf2_NjSVAHBF8-g0Qt7,UgwNLzdiVzrhTL57-pt4AaABAg,@premiumzv,UCyugQFdvdxNU56yov8Q9m5Q,IKR IM SO MAD WE NEED SQUID GAME NOT THIS S###,en,2025-04-21T16:04:41Z,2025-04-21 12:04:41,7
hGuaDnqpot4,Battle Camp | Sneak Peek | Netflix,UCWOA1ZGywLbqmigxE4Qlvuw,Netflix,2025-04-21T16:00:00Z,UgwNLzdiVzrhTL57-pt4AaABAg.AHBEf2_NjSVAHBGfL6ZRUC,UgwNLzdiVzrhTL57-pt4AaABAg,@premiumzv,UCyugQFdvdxNU56yov8Q9m5Q,ONE MORE TEASER ONE MOR TEASER ONE MORE ONE MORE TEASER ONE MOR TEASER ONE MORE  TEASER ONE MORE TEASER ONE MORE TEASER ONE MORE TEASER ONE MORE TEASER ONE MORE TEASER ON MORE TEASER ONE MORE ONE MORE TEASER ONE MOR TEASER ONE MORE ONE MORE TEASER ONE MOR TEASER ONE MORE  TEASER ONE MORE TEASER ONE MORE TEASER ONE MORE TEASER ONE MORE TEASER ONE MORE TEASER ON MORE TEASER ONE MORE ONE MORE TEASER ONE MOR TEASER ONE MORE ONE MORE TEASER ONE MOR TEASER ONE MORE  TEASER ONE MORE TEASER ONE MORE TEASER ONE MORE TEASER ONE MORE TEASER ONE MORE TEASER ON MORE TEASER ONE MORE ONE MORE TEASER ONE MOR TEASER ONE MORE ONE MORE TEASER ONE MOR TEASER ONE MORE  TEASER ONE MORE TEASER ONE MORE TEASER ONE MORE TEASER ONE MORE TEASER ONE MORE TEASER ON MORE TEASER ONE MORE ONE MORE TEASER ONE MOR TEASER ONE MORE ONE MORE TEASER ONE MOR TEASER ONE MORE  TEASER ONE MORE TEASER ONE MORE TEASER ONE MORE TEASER ONE MORE TEASER ONE MORE TEASER ON MORE TEASER ONE MORE ONE MORE TEASER ONE MOR TEASER ONE MORE ONE MORE TEASER ONE MOR TEASER ONE MORE  TEASER ONE MORE TEASER ONE MORE TEASER ONE MORE TEASER ONE MORE TEASER ONE MORE TEASER ON MORE TEASER ONE MORE TEASER,ja,2025-04-21T16:18:07Z,2025-04-21 12:18:07,0
hGuaDnqpot4,Battle Camp | Sneak Peek | Netflix,UCWOA1ZGywLbqmigxE4Qlvuw,Netflix,2025-04-21T16:00:00Z,UgwNLzdiVzrhTL57-pt4AaABAg.AHBEf2_NjSVAHBIVDKquwn,UgwNLzdiVzrhTL57-pt4AaABAg,@Tcm_edits.01,UCZVdX8xLqC6AAUTynzFBsDA,@premiumzvjust say shit gang,NA,2025-04-21T16:34:04Z,2025-04-21 12:34:04,3
hGuaDnqpot4,Battle Camp | Sneak Peek | Netflix,UCWOA1ZGywLbqmigxE4Qlvuw,Netflix,2025-04-21T16:00:00Z,UgwNLzdiVzrhTL57-pt4AaABAg.AHBEf2_NjSVAHBiKxCPyWP,UgwNLzdiVzrhTL57-pt4AaABAg,@3l00l3X,UCanmkaO-1Fzgl7QlB4o3K8g,EXCATLY,en,2025-04-21T20:28:36Z,2025-04-21 16:28:36,2
